"","sh","pmax","stability","S_seagrass","S_bistable","S_bare","CA_seagrass","CA_bistable","CA_bare","CS_seagrass","CS_bistable","CS_bare","CB_seagrass","CB_bistable","CB_bare","N_seagrass","N_bistable","N_bare"
"1",22.7,0.5,"seagrass",1026.77,NA,0,0.89,NA,0.16,8.47,NA,0,13898.41,NA,239.99,0,NA,1.15
"2",100,0.5,"seagrass",705.4,NA,0,0.62,NA,0.16,6.88,NA,0,11104.62,NA,239.99,0.01,NA,1.15
"3",500,0.5,"seagrass",225.05,NA,0,0.23,NA,0.16,3.88,NA,0,6031.5,NA,239.99,0.02,NA,1.15
"4",1000,0.5,"seagrass",183.48,NA,0,0.19,NA,0.16,3.5,NA,0,5420.61,NA,239.99,0.03,NA,1.15
"5",6000,0.5,"seagrass",157.32,NA,0,0.17,NA,0.16,3.24,NA,0,4994.07,NA,239.99,0.03,NA,1.15
"6",10000,0.5,"seagrass",155.49,NA,0,0.17,NA,0.16,3.22,NA,0,4962.67,NA,239.99,0.03,NA,1.15
"7",22.7,0.513422818791946,"seagrass",1040.48,NA,0,0.91,NA,0.17,8.58,NA,0,14097.08,NA,246.43,0,NA,1.16
"8",100,0.513422818791946,"seagrass",716.02,NA,0,0.64,NA,0.17,6.97,NA,0,11263.05,NA,246.43,0.01,NA,1.16
"9",500,0.513422818791946,"seagrass",226.48,NA,0,0.23,NA,0.17,3.9,NA,0,6071.63,NA,246.43,0.02,NA,1.16
"10",1000,0.513422818791946,"seagrass",184.27,NA,0,0.2,NA,0.17,3.52,NA,0,5448.59,NA,246.43,0.03,NA,1.16
"11",6000,0.513422818791946,"seagrass",157.78,NA,0,0.17,NA,0.17,3.25,NA,0,5014.51,NA,246.43,0.03,NA,1.16
"12",10000,0.513422818791946,"seagrass",155.93,NA,0,0.17,NA,0.17,3.23,NA,0,4982.57,NA,246.43,0.04,NA,1.16
"13",22.7,0.526845637583893,"seagrass",1054.2,NA,0,0.93,NA,0.17,8.69,NA,0,14295.99,NA,252.88,0,NA,1.16
"14",100,0.526845637583893,"seagrass",726.71,NA,0,0.66,NA,0.17,7.05,NA,0,11422.5,NA,252.88,0.01,NA,1.16
"15",500,0.526845637583893,"seagrass",227.9,NA,0,0.24,NA,0.17,3.92,NA,0,6111.85,NA,252.88,0.02,NA,1.16
"16",1000,0.526845637583893,"seagrass",185.05,NA,0,0.2,NA,0.17,3.53,NA,0,5476.48,NA,252.88,0.03,NA,1.16
"17",6000,0.526845637583893,"seagrass",158.24,NA,0,0.18,NA,0.17,3.25,NA,0,5034.71,NA,252.88,0.04,NA,1.16
"18",10000,0.526845637583893,"seagrass",156.37,NA,0,0.18,NA,0.17,3.23,NA,0,5002.21,NA,252.88,0.04,NA,1.16
"19",22.7,0.540268456375839,"seagrass",1067.94,NA,0,0.96,NA,0.18,8.79,NA,0,14495.13,NA,259.32,0.01,NA,1.16
"20",100,0.540268456375839,"seagrass",737.48,NA,0,0.68,NA,0.18,7.14,NA,0,11582.96,NA,259.32,0.01,NA,1.16
"21",500,0.540268456375839,"seagrass",229.34,NA,0,0.25,NA,0.18,3.94,NA,0,6152.17,NA,259.32,0.02,NA,1.16
"22",1000,0.540268456375839,"seagrass",185.83,NA,0,0.21,NA,0.18,3.54,NA,0,5504.26,NA,259.32,0.03,NA,1.16
"23",6000,0.540268456375839,"seagrass",158.68,NA,0,0.18,NA,0.18,3.26,NA,0,5054.64,NA,259.32,0.04,NA,1.16
"24",10000,0.540268456375839,"seagrass",156.79,NA,0,0.18,NA,0.18,3.24,NA,0,5021.57,NA,259.32,0.04,NA,1.16
"25",22.7,0.553691275167785,"seagrass",1081.7,NA,0,0.98,NA,0.18,8.9,NA,0,14694.5,NA,265.76,0.01,NA,1.17
"26",100,0.553691275167785,"seagrass",748.32,NA,0,0.7,NA,0.18,7.23,NA,0,11744.39,NA,265.76,0.01,NA,1.17
"27",500,0.553691275167785,"seagrass",230.78,NA,0,0.25,NA,0.18,3.96,NA,0,6192.59,NA,265.76,0.02,NA,1.17
"28",1000,0.553691275167785,"seagrass",186.61,NA,0,0.21,NA,0.18,3.56,NA,0,5531.93,NA,265.76,0.03,NA,1.17
"29",6000,0.553691275167785,"seagrass",159.12,NA,0,0.19,NA,0.18,3.27,NA,0,5074.28,NA,265.76,0.04,NA,1.17
"30",10000,0.553691275167785,"seagrass",157.21,NA,0,0.18,NA,0.18,3.25,NA,0,5040.62,NA,265.76,0.04,NA,1.17
"31",22.7,0.567114093959732,"seagrass",1095.46,NA,0,1.01,NA,0.19,9.01,NA,0,14894.08,NA,272.21,0.01,NA,1.17
"32",100,0.567114093959732,"seagrass",759.24,NA,0,0.72,NA,0.19,7.32,NA,0,11906.79,NA,272.21,0.01,NA,1.17
"33",500,0.567114093959732,"seagrass",232.22,NA,0,0.26,NA,0.19,3.98,NA,0,6233.09,NA,272.21,0.02,NA,1.17
"34",1000,0.567114093959732,"seagrass",187.38,NA,0,0.22,NA,0.19,3.57,NA,0,5559.47,NA,272.21,0.03,NA,1.17
"35",6000,0.567114093959732,"seagrass",159.55,NA,0,0.19,NA,0.19,3.28,NA,0,5093.6,NA,272.21,0.04,NA,1.17
"36",10000,0.567114093959732,"seagrass",157.61,NA,0,0.19,NA,0.19,3.26,NA,0,5059.33,NA,272.21,0.04,NA,1.17
"37",22.7,0.580536912751678,"seagrass",1109.25,NA,0,1.03,NA,0.19,9.11,NA,0,15093.87,NA,278.65,0.01,NA,1.18
"38",100,0.580536912751678,"seagrass",770.22,NA,0,0.74,NA,0.19,7.4,NA,0,12070.13,NA,278.65,0.01,NA,1.18
"39",500,0.580536912751678,"seagrass",233.67,NA,0,0.27,NA,0.19,4,NA,0,6273.69,NA,278.65,0.02,NA,1.18
"40",1000,0.580536912751678,"seagrass",188.14,NA,0,0.22,NA,0.19,3.58,NA,0,5586.87,NA,278.65,0.03,NA,1.18
"41",6000,0.580536912751678,"seagrass",159.96,NA,0,0.19,NA,0.19,3.29,NA,0,5112.57,NA,278.65,0.04,NA,1.18
"42",10000,0.580536912751678,"seagrass",158,NA,0,0.19,NA,0.19,3.27,NA,0,5077.68,NA,278.65,0.04,NA,1.18
"43",22.7,0.593959731543624,"seagrass",1123.04,NA,0,1.06,NA,0.2,9.22,NA,0,15293.87,NA,285.09,0.01,NA,1.18
"44",100,0.593959731543624,"seagrass",781.28,NA,0,0.76,NA,0.2,7.49,NA,0,12234.38,NA,285.09,0.01,NA,1.18
"45",500,0.593959731543624,"seagrass",235.12,NA,0,0.27,NA,0.2,4.02,NA,0,6314.36,NA,285.09,0.02,NA,1.18
"46",1000,0.593959731543624,"seagrass",188.9,NA,0,0.23,NA,0.2,3.6,NA,0,5614.11,NA,285.09,0.03,NA,1.18
"47",6000,0.593959731543624,"seagrass",160.36,NA,0,0.2,NA,0.2,3.3,NA,0,5131.16,NA,285.09,0.04,NA,1.18
"48",10000,0.593959731543624,"seagrass",158.38,NA,0,0.2,NA,0.2,3.28,NA,0,5095.61,NA,285.09,0.04,NA,1.18
"49",22.7,0.60738255033557,"seagrass",1136.86,NA,0,1.08,NA,0.2,9.33,NA,0,15494.05,NA,291.54,0.01,NA,1.18
"50",100,0.60738255033557,"seagrass",792.4,NA,0,0.78,NA,0.2,7.58,NA,0,12399.53,NA,291.54,0.01,NA,1.18
"51",500,0.60738255033557,"seagrass",236.58,NA,0,0.28,NA,0.2,4.05,NA,0,6355.11,NA,291.54,0.02,NA,1.18
"52",1000,0.60738255033557,"seagrass",189.65,NA,0,0.23,NA,0.2,3.61,NA,0,5641.17,NA,291.54,0.03,NA,1.18
"53",6000,0.60738255033557,"seagrass",160.75,NA,0,0.2,NA,0.2,3.31,NA,0,5149.31,NA,291.54,0.04,NA,1.18
"54",10000,0.60738255033557,"seagrass",158.74,NA,0,0.2,NA,0.2,3.28,NA,0,5113.08,NA,291.54,0.04,NA,1.18
"55",22.7,0.620805369127517,"seagrass",1150.68,NA,0,1.11,NA,0.2,9.43,NA,0,15694.42,NA,297.98,0.01,NA,1.19
"56",100,0.620805369127517,"seagrass",803.58,NA,0,0.8,NA,0.2,7.67,NA,0,12565.56,NA,297.98,0.01,NA,1.19
"57",500,0.620805369127517,"seagrass",238.04,NA,0,0.29,NA,0.2,4.07,NA,0,6395.92,NA,297.98,0.02,NA,1.19
"58",1000,0.620805369127517,"seagrass",190.4,NA,0,0.24,NA,0.2,3.62,NA,0,5668.04,NA,297.98,0.03,NA,1.19
"59",6000,0.620805369127517,"seagrass",161.12,NA,0,0.21,NA,0.2,3.31,NA,0,5166.99,NA,297.98,0.04,NA,1.19
"60",10000,0.620805369127517,"seagrass",159.09,NA,0,0.21,NA,0.2,3.29,NA,0,5130.04,NA,297.98,0.05,NA,1.19
"61",22.7,0.634228187919463,"seagrass",1164.51,NA,0,1.13,NA,0.21,9.54,NA,0,15894.97,NA,304.42,0.01,NA,1.19
"62",100,0.634228187919463,"seagrass",814.83,NA,0,0.83,NA,0.21,7.76,NA,0,12732.45,NA,304.42,0.01,NA,1.19
"63",500,0.634228187919463,"seagrass",239.51,NA,0,0.29,NA,0.21,4.09,NA,0,6436.8,NA,304.42,0.02,NA,1.19
"64",1000,0.634228187919463,"seagrass",191.13,NA,0,0.24,NA,0.21,3.64,NA,0,5694.7,NA,304.42,0.03,NA,1.19
"65",6000,0.634228187919463,"seagrass",161.47,NA,0,0.21,NA,0.21,3.32,NA,0,5184.13,NA,304.42,0.05,NA,1.19
"66",10000,0.634228187919463,"seagrass",159.41,NA,0,0.21,NA,0.21,3.3,NA,0,5146.44,NA,304.42,0.05,NA,1.19
"67",22.7,0.647651006711409,"seagrass",1178.36,NA,0,1.16,NA,0.21,9.65,NA,0,16095.7,NA,310.87,0.01,NA,1.2
"68",100,0.647651006711409,"seagrass",826.14,NA,0,0.85,NA,0.21,7.85,NA,0,12900.17,NA,310.87,0.01,NA,1.2
"69",500,0.647651006711409,"seagrass",240.98,NA,0,0.3,NA,0.21,4.11,NA,0,6477.73,NA,310.87,0.02,NA,1.2
"70",1000,0.647651006711409,"seagrass",191.86,NA,0,0.25,NA,0.21,3.65,NA,0,5721.12,NA,310.87,0.03,NA,1.2
"71",6000,0.647651006711409,"seagrass",161.8,NA,0,0.22,NA,0.21,3.33,NA,0,5200.68,NA,310.87,0.05,NA,1.2
"72",10000,0.647651006711409,"seagrass",159.72,NA,0,0.22,NA,0.21,3.3,NA,0,5162.2,NA,310.87,0.05,NA,1.2
"73",22.7,0.661073825503356,"seagrass",1192.22,NA,0,1.18,NA,0.22,9.75,NA,0,16296.59,NA,317.31,0.01,NA,1.2
"74",100,0.661073825503356,"seagrass",837.52,NA,0,0.87,NA,0.22,7.94,NA,0,13068.72,NA,317.31,0.01,NA,1.2
"75",500,0.661073825503356,"seagrass",242.45,NA,0,0.31,NA,0.22,4.13,NA,0,6518.71,NA,317.31,0.02,NA,1.2
"76",1000,0.661073825503356,"seagrass",192.58,NA,0,0.25,NA,0.22,3.66,NA,0,5747.27,NA,317.31,0.03,NA,1.2
"77",6000,0.661073825503356,"seagrass",162.11,NA,0,0.22,NA,0.22,3.33,NA,0,5216.56,NA,317.31,0.05,NA,1.2
"78",10000,0.661073825503356,"seagrass",160,NA,0,0.22,NA,0.22,3.31,NA,0,5177.24,NA,317.31,0.05,NA,1.2
"79",22.7,0.674496644295302,"seagrass",1206.09,NA,0,1.21,NA,0.22,9.86,NA,0,16497.65,NA,323.76,0.01,NA,1.2
"80",100,0.674496644295302,"seagrass",848.95,NA,0,0.89,NA,0.22,8.03,NA,0,13238.06,NA,323.76,0.01,NA,1.2
"81",500,0.674496644295302,"seagrass",243.93,NA,0,0.31,NA,0.22,4.15,NA,0,6559.73,NA,323.76,0.02,NA,1.2
"82",1000,0.674496644295302,"seagrass",193.28,NA,0,0.26,NA,0.22,3.67,NA,0,5773.12,NA,323.76,0.04,NA,1.2
"83",6000,0.674496644295302,"seagrass",162.4,NA,0,0.23,NA,0.22,3.34,NA,0,5231.69,NA,323.76,0.05,NA,1.2
"84",10000,0.674496644295302,"seagrass",160.25,NA,0,0.22,NA,0.22,3.31,NA,0,5191.47,NA,323.76,0.05,NA,1.2
"85",22.7,0.687919463087248,"seagrass",1219.96,NA,0,1.23,NA,0.23,9.97,NA,0,16698.86,NA,330.2,0.01,NA,1.21
"86",100,0.687919463087248,"seagrass",860.44,NA,0,0.91,NA,0.23,8.12,NA,0,13408.18,NA,330.2,0.01,NA,1.21
"87",500,0.687919463087248,"seagrass",245.4,NA,0,0.32,NA,0.23,4.17,NA,0,6600.77,NA,330.2,0.02,NA,1.21
"88",1000,0.687919463087248,"seagrass",193.97,NA,0,0.26,NA,0.23,3.68,NA,0,5798.64,NA,330.2,0.04,NA,1.21
"89",6000,0.687919463087248,"seagrass",162.65,NA,0,0.23,NA,0.23,3.34,NA,0,5245.95,NA,330.2,0.05,NA,1.21
"90",10000,0.687919463087248,"seagrass",160.48,NA,0,0.23,NA,0.23,3.32,NA,0,5204.77,NA,330.2,0.06,NA,1.21
"91",22.7,0.701342281879195,"seagrass",1233.85,NA,0,1.26,NA,0.23,10.08,NA,0,16900.22,NA,336.64,0.01,NA,1.21
"92",100,0.701342281879195,"seagrass",871.99,NA,0,0.93,NA,0.23,8.22,NA,0,13579.07,NA,336.64,0.01,NA,1.21
"93",500,0.701342281879195,"seagrass",246.88,NA,0,0.33,NA,0.23,4.19,NA,0,6641.83,NA,336.64,0.03,NA,1.21
"94",1000,0.701342281879195,"seagrass",194.65,NA,0,0.27,NA,0.23,3.7,NA,0,5823.79,NA,336.64,0.04,NA,1.21
"95",6000,0.701342281879195,"seagrass",162.88,NA,0,0.24,NA,0.23,3.35,NA,0,5259.23,NA,336.64,0.06,NA,1.21
"96",10000,0.701342281879195,"seagrass",160.66,NA,0,0.23,NA,0.23,3.32,NA,0,5217,NA,336.64,0.06,NA,1.21
"97",22.7,0.714765100671141,"seagrass",1247.75,NA,0,1.28,NA,0.24,10.18,NA,0,17101.72,NA,343.09,0.01,NA,1.22
"98",100,0.714765100671141,"seagrass",883.59,NA,0,0.95,NA,0.24,8.31,NA,0,13750.69,NA,343.09,0.01,NA,1.22
"99",500,0.714765100671141,"seagrass",248.36,NA,0,0.33,NA,0.24,4.21,NA,0,6682.9,NA,343.09,0.03,NA,1.22
"100",1000,0.714765100671141,"seagrass",195.32,NA,0,0.27,NA,0.24,3.71,NA,0,5848.53,NA,343.09,0.04,NA,1.22
"101",6000,0.714765100671141,"seagrass",163.06,NA,0,0.24,NA,0.24,3.35,NA,0,5271.38,NA,343.09,0.06,NA,1.22
"102",10000,0.714765100671141,"seagrass",160.81,NA,0,0.24,NA,0.24,3.32,NA,0,5228.01,NA,343.09,0.06,NA,1.22
"103",22.7,0.728187919463087,"seagrass",1261.66,NA,0,1.31,NA,0.24,10.29,NA,0,17303.37,NA,349.53,0.01,NA,1.22
"104",100,0.728187919463087,"seagrass",895.25,NA,0,0.97,NA,0.24,8.4,NA,0,13923.04,NA,349.53,0.01,NA,1.22
"105",500,0.728187919463087,"seagrass",249.84,NA,0,0.34,NA,0.24,4.23,NA,0,6723.95,NA,349.53,0.03,NA,1.22
"106",1000,0.728187919463087,"seagrass",195.96,NA,0,0.28,NA,0.24,3.72,NA,0,5872.79,NA,349.53,0.04,NA,1.22
"107",6000,0.728187919463087,"seagrass",163.2,NA,0,0.24,NA,0.24,3.35,NA,0,5282.23,NA,349.53,0.06,NA,1.22
"108",10000,0.728187919463087,"seagrass",160.91,NA,0,0.24,NA,0.24,3.33,NA,0,5237.61,NA,349.53,0.07,NA,1.22
"109",22.7,0.741610738255034,"seagrass",1275.58,NA,0,1.33,NA,0.24,10.4,NA,0,17505.15,NA,355.98,0.01,NA,1.22
"110",100,0.741610738255034,"seagrass",906.96,NA,0,0.99,NA,0.24,8.49,NA,0,14096.1,NA,355.98,0.01,NA,1.22
"111",500,0.741610738255034,"seagrass",251.32,NA,0,0.35,NA,0.24,4.25,NA,0,6764.97,NA,355.98,0.03,NA,1.22
"112",1000,0.741610738255034,"seagrass",196.59,NA,0,0.29,NA,0.24,3.73,NA,0,5896.54,NA,355.98,0.04,NA,1.22
"113",6000,0.741610738255034,"seagrass",163.29,NA,0,0.25,NA,0.24,3.36,NA,0,5291.55,NA,355.98,0.07,NA,1.22
"114",10000,0.741610738255034,"seagrass",160.96,NA,0,0.25,NA,0.24,3.33,NA,0,5245.53,NA,355.98,0.07,NA,1.22
"115",22.7,0.75503355704698,"seagrass",1289.5,NA,0,1.36,NA,0.25,10.5,NA,0,17707.06,NA,362.42,0.01,NA,1.23
"116",100,0.75503355704698,"seagrass",918.72,NA,0,1.02,NA,0.25,8.59,NA,0,14269.85,NA,362.42,0.01,NA,1.23
"117",500,0.75503355704698,"seagrass",252.8,NA,0,0.35,NA,0.25,4.28,NA,0,6805.96,NA,362.42,0.03,NA,1.23
"118",1000,0.75503355704698,"seagrass",197.19,NA,0,0.29,NA,0.25,3.74,NA,0,5919.69,NA,362.42,0.04,NA,1.23
"119",6000,0.75503355704698,"seagrass",163.33,NA,0,0.25,NA,0.25,3.36,NA,0,5299.09,NA,362.42,0.07,NA,1.23
"120",10000,0.75503355704698,"seagrass",160.94,NA,0,0.25,NA,0.25,3.33,NA,0,5251.5,NA,362.42,0.07,NA,1.23
"121",22.7,0.768456375838926,"seagrass",1303.43,NA,0,1.38,NA,0.25,10.61,NA,0,17909.09,NA,368.86,0.01,NA,1.23
"122",100,0.768456375838926,"seagrass",930.53,NA,0,1.04,NA,0.25,8.68,NA,0,14444.27,NA,368.86,0.01,NA,1.23
"123",500,0.768456375838926,"seagrass",254.28,NA,0,0.36,NA,0.25,4.3,NA,0,6846.88,NA,368.86,0.03,NA,1.23
"124",1000,0.768456375838926,"seagrass",197.76,NA,0,0.3,NA,0.25,3.75,NA,0,5942.16,NA,368.86,0.05,NA,1.23
"125",6000,0.768456375838926,"seagrass",163.29,NA,0,0.26,NA,0.25,3.36,NA,0,5304.52,NA,368.86,0.08,NA,1.23
"126",10000,0.768456375838926,"seagrass",160.84,NA,0,0.26,NA,0.25,3.33,NA,0,5255.12,NA,368.86,0.08,NA,1.23
"127",22.7,0.781879194630873,"seagrass",1317.38,NA,0,1.41,NA,0.26,10.72,NA,0,18111.25,NA,375.31,0.01,NA,1.24
"128",100,0.781879194630873,"seagrass",942.39,NA,0,1.06,NA,0.26,8.77,NA,0,14619.34,NA,375.31,0.01,NA,1.24
"129",500,0.781879194630873,"seagrass",255.75,NA,0,0.37,NA,0.26,4.32,NA,0,6887.72,NA,375.31,0.03,NA,1.24
"130",1000,0.781879194630873,"seagrass",198.31,NA,0,0.3,NA,0.26,3.76,NA,0,5963.87,NA,375.31,0.05,NA,1.24
"131",6000,0.781879194630873,"seagrass",163.16,NA,0,0.26,NA,0.26,3.35,NA,0,5307.4,NA,375.31,0.08,NA,1.24
"132",10000,0.781879194630873,"seagrass",160.65,NA,0,0.26,NA,0.26,3.32,NA,0,5255.93,NA,375.31,0.08,NA,1.24
"133",22.7,0.795302013422819,"seagrass",1331.33,NA,0,1.43,NA,0.26,10.83,NA,0,18313.52,NA,381.75,0.01,NA,1.24
"134",100,0.795302013422819,"seagrass",954.3,NA,0,1.08,NA,0.26,8.87,NA,0,14795.06,NA,381.75,0.01,NA,1.24
"135",500,0.795302013422819,"seagrass",257.22,NA,0,0.37,NA,0.26,4.34,NA,0,6928.44,NA,381.75,0.03,NA,1.24
"136",1000,0.795302013422819,"seagrass",198.82,NA,0,0.31,NA,0.26,3.77,NA,0,5984.69,NA,381.75,0.05,NA,1.24
"137",6000,0.795302013422819,"seagrass",162.93,NA,0,0.27,NA,0.26,3.35,NA,0,5307.21,NA,381.75,0.09,NA,1.24
"138",10000,0.795302013422819,"seagrass",160.35,NA,0,0.26,NA,0.26,3.32,NA,0,5253.3,NA,381.75,0.09,NA,1.24
"139",22.7,0.808724832214765,"seagrass",1345.28,NA,0,1.45,NA,0.27,10.93,NA,0,18515.9,NA,388.2,0.01,NA,1.24
"140",100,0.808724832214765,"seagrass",966.25,NA,0,1.1,NA,0.27,8.96,NA,0,14971.39,NA,388.2,0.01,NA,1.24
"141",500,0.808724832214765,"seagrass",258.69,NA,0,0.38,NA,0.27,4.36,NA,0,6969.04,NA,388.2,0.03,NA,1.24
"142",1000,0.808724832214765,"seagrass",199.29,NA,0,0.31,NA,0.27,3.78,NA,0,6004.51,NA,388.2,0.05,NA,1.24
"143",6000,0.808724832214765,"seagrass",162.58,NA,0,0.27,NA,0.27,3.34,NA,0,5303.24,NA,388.2,0.09,NA,1.24
"144",10000,0.808724832214765,"seagrass",159.9,NA,0,0.27,NA,0.27,3.31,NA,0,5246.4,NA,388.2,0.1,NA,1.24
"145",22.7,0.822147651006711,"seagrass",1359.24,NA,0,1.48,NA,0.27,11.04,NA,0,18718.39,NA,394.64,0.01,NA,1.25
"146",100,0.822147651006711,"seagrass",978.25,NA,0,1.12,NA,0.27,9.06,NA,0,15148.33,NA,394.64,0.01,NA,1.25
"147",500,0.822147651006711,"seagrass",260.14,NA,0,0.39,NA,0.27,4.38,NA,0,7009.46,NA,394.64,0.03,NA,1.25
"148",1000,0.822147651006711,"seagrass",199.72,NA,0,0.32,NA,0.27,3.78,NA,0,6023.15,NA,394.64,0.06,NA,1.25
"149",6000,0.822147651006711,"seagrass",162.06,NA,0,0.28,NA,0.27,3.33,NA,0,5294.55,NA,394.64,0.1,NA,1.25
"150",10000,0.822147651006711,"seagrass",159.28,NA,0,0.27,NA,0.27,3.29,NA,0,5234.14,NA,394.64,0.11,NA,1.25
"151",22.7,0.835570469798658,"seagrass",1373.21,NA,0,1.5,NA,0.28,11.15,NA,0,18920.99,NA,401.09,0.01,NA,1.25
"152",100,0.835570469798658,"seagrass",990.29,NA,0,1.15,NA,0.28,9.15,NA,0,15325.86,NA,401.09,0.01,NA,1.25
"153",500,0.835570469798658,"seagrass",261.59,NA,0,0.39,NA,0.28,4.4,NA,0,7049.69,NA,401.09,0.03,NA,1.25
"154",1000,0.835570469798658,"seagrass",200.09,NA,0,0.32,NA,0.28,3.79,NA,0,6040.43,NA,401.09,0.06,NA,1.25
"155",6000,0.835570469798658,"seagrass",161.35,NA,0,0.28,NA,0.28,3.32,NA,0,5279.86,NA,401.09,0.11,NA,1.25
"156",10000,0.835570469798658,"seagrass",158.42,NA,0,0.28,NA,0.28,3.28,NA,0,5215,NA,401.09,0.12,NA,1.25
"157",22.7,0.848993288590604,"seagrass",1387.19,NA,0,1.53,NA,0.28,11.25,NA,0,19123.68,NA,407.53,0.01,NA,1.26
"158",100,0.848993288590604,"seagrass",1002.38,NA,0,1.17,NA,0.28,9.25,NA,0,15503.96,NA,407.53,0.01,NA,1.26
"159",500,0.848993288590604,"seagrass",263.03,NA,0,0.4,NA,0.28,4.42,NA,0,7089.67,NA,407.53,0.03,NA,1.26
"160",1000,0.848993288590604,"seagrass",200.41,NA,0,0.33,NA,0.28,3.79,NA,0,6056.12,NA,407.53,0.06,NA,1.26
"161",6000,0.848993288590604,"seagrass",160.37,NA,0,0.29,NA,0.28,3.3,NA,0,5257.38,NA,407.53,0.12,NA,1.26
"162",10000,0.848993288590604,"seagrass",157.27,NA,0,0.28,NA,0.28,3.25,NA,0,5186.8,NA,407.53,0.13,NA,1.26
"163",22.7,0.86241610738255,"seagrass",1401.17,NA,0,1.55,NA,0.28,11.36,NA,0,19326.47,NA,413.97,0.01,NA,1.26
"164",100,0.86241610738255,"seagrass",1014.51,NA,0,1.19,NA,0.28,9.34,NA,0,15682.63,NA,413.97,0.01,NA,1.26
"165",500,0.86241610738255,"seagrass",264.46,NA,0,0.41,NA,0.28,4.44,NA,0,7129.36,NA,413.97,0.04,NA,1.26
"166",1000,0.86241610738255,"seagrass",200.65,NA,0,0.33,NA,0.28,3.8,NA,0,6069.9,NA,413.97,0.07,NA,1.26
"167",6000,0.86241610738255,"seagrass",159.05,NA,0,0.29,NA,0.28,3.27,NA,0,5224.49,NA,413.97,0.13,NA,1.26
"168",10000,0.86241610738255,"seagrass",155.71,NA,0,0.29,NA,0.28,3.22,NA,0,5146.35,NA,413.97,0.14,NA,1.26
"169",22.7,0.875838926174497,"seagrass",1415.16,NA,0,1.58,NA,0.29,11.47,NA,0,19529.35,NA,420.42,0.01,NA,1.26
"170",100,0.875838926174497,"seagrass",1026.68,NA,0,1.21,NA,0.29,9.44,NA,0,15861.83,NA,420.42,0.01,NA,1.26
"171",500,0.875838926174497,"seagrass",265.87,NA,0,0.41,NA,0.29,4.46,NA,0,7168.72,NA,420.42,0.04,NA,1.26
"172",1000,0.875838926174497,"seagrass",200.8,NA,0,0.34,NA,0.29,3.8,NA,0,6081.42,NA,420.42,0.07,NA,1.26
"173",6000,0.875838926174497,"seagrass",157.25,NA,0,0.29,NA,0.29,3.23,NA,0,5177.26,NA,420.42,0.15,NA,1.26
"174",10000,0.875838926174497,"seagrass",153.59,NA,0,0.29,NA,0.29,3.18,NA,0,5088.73,NA,420.42,0.16,NA,1.26
"175",22.7,0.889261744966443,"seagrass",1429.15,NA,0,1.6,NA,0.29,11.58,NA,0,19732.31,NA,426.86,0.01,NA,1.27
"176",100,0.889261744966443,"seagrass",1038.88,NA,0,1.23,NA,0.29,9.53,NA,0,16041.57,NA,426.86,0.01,NA,1.27
"177",500,0.889261744966443,"seagrass",267.26,NA,0,0.42,NA,0.29,4.48,NA,0,7207.68,NA,426.86,0.04,NA,1.27
"178",1000,0.889261744966443,"seagrass",200.84,NA,0,0.34,NA,0.29,3.8,NA,0,6090.2,NA,426.86,0.07,NA,1.27
"179",6000,0.889261744966443,"seagrass",154.75,NA,0,0.3,NA,0.29,3.18,NA,0,5109.36,NA,426.86,0.17,NA,1.27
"180",10000,0.889261744966443,"seagrass",150.62,NA,0,0.3,NA,0.29,3.12,NA,0,5005.88,NA,426.86,0.19,NA,1.27
"181",22.7,0.902684563758389,"seagrass",1443.15,NA,0,1.63,NA,0.3,11.68,NA,0,19935.36,NA,433.31,0.01,NA,1.27
"182",100,0.902684563758389,"seagrass",1051.13,NA,0,1.26,NA,0.3,9.63,NA,0,16221.82,NA,433.31,0.01,NA,1.27
"183",500,0.902684563758389,"seagrass",268.63,NA,0,0.43,NA,0.3,4.5,NA,0,7246.17,NA,433.31,0.04,NA,1.27
"184",1000,0.902684563758389,"seagrass",200.76,NA,0,0.35,NA,0.3,3.8,NA,0,6095.62,NA,433.31,0.08,NA,1.27
"185",6000,0.902684563758389,"seagrass",151.21,NA,0,0.3,NA,0.3,3.11,NA,0,5009.98,NA,433.31,0.2,NA,1.27
"186",10000,0.902684563758389,"seagrass",146.36,NA,0,0.3,NA,0.3,3.03,NA,0,4883.64,NA,433.31,0.22,NA,1.27
"187",22.7,0.916107382550336,"seagrass",1457.15,NA,0,1.65,NA,0.3,11.79,NA,0,20138.49,NA,439.75,0.01,NA,1.28
"188",100,0.916107382550336,"seagrass",1063.41,NA,0,1.28,NA,0.3,9.73,NA,0,16402.57,NA,439.75,0.01,NA,1.28
"189",500,0.916107382550336,"seagrass",269.97,NA,0,0.44,NA,0.3,4.51,NA,0,7284.11,NA,439.75,0.04,NA,1.28
"190",1000,0.916107382550336,"seagrass",200.51,NA,0,0.35,NA,0.3,3.8,NA,0,6096.84,NA,439.75,0.09,NA,1.28
"191",6000,0.916107382550336,"seagrass",145.92,NA,0,0.31,NA,0.3,3.01,NA,0,4858.6,NA,439.75,0.24,NA,1.28
"192",10000,0.916107382550336,"seagrass",139.87,NA,0,0.3,NA,0.3,2.9,NA,0,4694.09,NA,439.75,0.27,NA,1.28
"193",22.7,0.929530201342282,"seagrass",1471.16,NA,0,1.68,NA,0.31,11.9,NA,0,20341.7,NA,446.2,0.01,NA,1.28
"194",100,0.929530201342282,"seagrass",1075.73,NA,0,1.3,NA,0.31,9.82,NA,0,16583.81,NA,446.2,0.01,NA,1.28
"195",500,0.929530201342282,"seagrass",271.29,NA,0,0.44,NA,0.31,4.53,NA,0,7321.4,NA,446.2,0.04,NA,1.28
"196",1000,0.929530201342282,"seagrass",200.06,NA,0,0.36,NA,0.31,3.79,NA,0,6092.74,NA,446.2,0.09,NA,1.28
"197",6000,0.929530201342282,"seagrass",137.39,NA,0,0.31,NA,0.31,2.83,NA,0,4609.56,NA,446.2,0.3,NA,1.28
"198",10000,0.929530201342282,"seagrass",129,NA,0,0.31,NA,0.31,2.67,NA,0,4372.16,NA,446.2,0.35,NA,1.28
"199",22.7,0.942953020134228,"seagrass",1485.17,NA,0,1.7,NA,0.31,12,NA,0,20544.98,NA,452.64,0.01,NA,1.28
"200",100,0.942953020134228,"seagrass",1088.09,NA,0,1.32,NA,0.31,9.92,NA,0,16765.51,NA,452.64,0.01,NA,1.28
"201",500,0.942953020134228,"seagrass",272.57,NA,0,0.45,NA,0.31,4.55,NA,0,7357.94,NA,452.64,0.04,NA,1.28
"202",1000,0.942953020134228,"seagrass",199.33,NA,0,0.36,NA,0.31,3.78,NA,0,6081.68,NA,452.64,0.1,NA,1.28
"203",6000,0.942953020134228,"seagrass",121.06,NA,0,0.32,NA,0.31,2.5,NA,0,4126.07,NA,452.64,0.42,NA,1.28
"204",10000,0.942953020134228,"seagrass",106.79,NA,0,0.31,NA,0.31,2.22,NA,0,3706.11,NA,452.64,0.52,NA,1.28
"205",22.7,0.956375838926175,"bistable",1499.19,0.05,0,1.73,0.32,0.31,12.11,0,0,20748.33,461.52,459.09,0.01,1.29,1.29
"206",100,0.956375838926175,"bistable",1100.47,0.22,0,1.35,0.32,0.31,10.02,0,0,16947.68,466.75,459.09,0.01,1.29,1.29
"207",500,0.956375838926175,"bistable",273.81,1.15,0,0.46,0.32,0.31,4.57,0.02,0,7393.6,495.1,459.09,0.05,1.28,1.29
"208",1000,0.956375838926175,"bistable",198.25,2.42,0,0.37,0.32,0.31,3.76,0.05,0,6061.29,534.07,459.09,0.11,1.27,1.29
"209",6000,0.956375838926175,"bare",NA,NA,0,NA,NA,0.31,NA,NA,0,NA,NA,459.09,NA,NA,1.29
"210",10000,0.956375838926175,"bare",NA,NA,0,NA,NA,0.31,NA,NA,0,NA,NA,459.09,NA,NA,1.29
"211",22.7,0.969798657718121,"bistable",1513.21,0.45,0,1.75,0.33,0.32,12.22,0.01,0,20951.74,487.5,465.53,0.01,1.3,1.29
"212",100,0.969798657718121,"bistable",1112.89,1.99,0,1.37,0.33,0.32,10.11,0.04,0,17130.3,534.19,465.53,0.01,1.28,1.29
"213",500,0.969798657718121,"bistable",275,10.38,0,0.46,0.33,0.32,4.58,0.22,0,7428.21,788.37,465.53,0.05,1.22,1.29
"214",1000,0.969798657718121,"bistable",196.67,22.13,0,0.37,0.33,0.32,3.73,0.46,0,6027.79,1143.98,465.53,0.12,1.14,1.29
"215",6000,0.969798657718121,"bare",NA,NA,0,NA,NA,0.32,NA,NA,0,NA,NA,465.53,NA,NA,1.29
"216",10000,0.969798657718121,"bare",NA,NA,0,NA,NA,0.32,NA,NA,0,NA,NA,465.53,NA,NA,1.29
"217",22.7,0.983221476510067,"bistable",1527.23,0.86,0,1.78,0.33,0.32,12.32,0.02,0,21155.22,514.01,471.98,0.01,1.3,1.3
"218",100,0.983221476510067,"bistable",1125.35,3.81,0,1.39,0.34,0.32,10.21,0.08,0,17313.34,602.68,471.98,0.01,1.28,1.3
"219",500,0.983221476510067,"bistable",276.13,19.95,0,0.47,0.34,0.32,4.6,0.41,0,7461.59,1086.7,471.98,0.05,1.17,1.3
"220",1000,0.983221476510067,"bistable",194.34,43.12,0,0.38,0.34,0.32,3.69,0.88,0,5974.77,1780.29,471.98,0.14,1.01,1.3
"221",6000,0.983221476510067,"bare",NA,NA,0,NA,NA,0.32,NA,NA,0,NA,NA,471.98,NA,NA,1.3
"222",10000,0.983221476510067,"bare",NA,NA,0,NA,NA,0.32,NA,NA,0,NA,NA,471.98,NA,NA,1.3
"223",22.7,0.996644295302013,"bistable",1541.26,1.28,0,1.8,0.35,0.33,12.43,0.03,0,21358.75,541.08,478.42,0.01,1.31,1.3
"224",100,0.996644295302013,"bistable",1137.83,5.69,0,1.41,0.35,0.33,10.31,0.12,0,17496.81,672.24,478.42,0.01,1.28,1.3
"225",500,0.996644295302013,"bistable",277.19,29.87,0,0.48,0.35,0.33,4.61,0.61,0,7493.5,1390.41,478.42,0.05,1.11,1.3
"226",1000,0.996644295302013,"bistable",190.79,65.88,0,0.38,0.35,0.33,3.63,1.33,0,5889.93,2455.52,478.42,0.16,0.87,1.3
"227",6000,0.996644295302013,"bare",NA,NA,0,NA,NA,0.33,NA,NA,0,NA,NA,478.42,NA,NA,1.3
"228",10000,0.996644295302013,"bare",NA,NA,0,NA,NA,0.33,NA,NA,0,NA,NA,478.42,NA,NA,1.3
"229",22.7,1.01006711409396,"bistable",1555.29,1.72,0,1.83,0.36,0.33,12.54,0.03,0,21562.34,568.73,484.87,0.01,1.31,1.31
"230",100,1.01006711409396,"bistable",1150.35,7.63,0,1.44,0.36,0.33,10.41,0.15,0,17680.68,742.92,484.87,0.01,1.27,1.31
"231",500,1.01006711409396,"bistable",278.17,40.18,0,0.48,0.36,0.33,4.63,0.81,0,7523.66,1699.93,484.87,0.06,1.05,1.31
"232",1000,1.01006711409396,"bistable",184.92,91.55,0,0.39,0.36,0.33,3.53,1.83,0,5743.95,3199.21,484.87,0.2,0.71,1.31
"233",6000,1.01006711409396,"bare",NA,NA,0,NA,NA,0.33,NA,NA,0,NA,NA,484.87,NA,NA,1.31
"234",10000,1.01006711409396,"bare",NA,NA,0,NA,NA,0.33,NA,NA,0,NA,NA,484.87,NA,NA,1.31
"235",22.7,1.02348993288591,"bistable",1569.32,2.17,0,1.85,0.37,0.34,12.64,0.04,0,21765.98,596.97,491.31,0.01,1.32,1.31
"236",100,1.02348993288591,"bistable",1162.89,9.63,0,1.46,0.37,0.34,10.5,0.19,0,17864.94,814.74,491.31,0.01,1.27,1.31
"237",500,1.02348993288591,"bistable",279.05,50.9,0,0.49,0.37,0.34,4.64,1.01,0,7551.7,2015.73,491.31,0.06,1,1.31
"238",1000,1.02348993288591,"bistable",172.25,124.61,0,0.39,0.37,0.34,3.3,2.45,0,5417.66,4130.76,491.31,0.27,0.53,1.31
"239",6000,1.02348993288591,"bare",NA,NA,0,NA,NA,0.34,NA,NA,0,NA,NA,491.31,NA,NA,1.31
"240",10000,1.02348993288591,"bare",NA,NA,0,NA,NA,0.34,NA,NA,0,NA,NA,491.31,NA,NA,1.31
"241",22.7,1.03691275167785,"bistable",1583.36,2.64,0,1.88,0.38,0.34,12.75,0.05,0,21969.67,625.82,497.76,0.01,1.33,1.31
"242",100,1.03691275167785,"bistable",1175.46,11.7,0,1.48,0.38,0.34,10.6,0.23,0,18049.59,887.75,497.76,0.01,1.27,1.31
"243",500,1.03691275167785,"bistable",279.8,62.06,0,0.5,0.38,0.34,4.65,1.22,0,7577.18,2338.43,497.76,0.06,0.94,1.31
"244",1000,1.03691275167785,"bare",NA,NA,0,NA,NA,0.34,NA,NA,0,NA,NA,497.76,NA,NA,1.31
"245",6000,1.03691275167785,"bare",NA,NA,0,NA,NA,0.34,NA,NA,0,NA,NA,497.76,NA,NA,1.31
"246",10000,1.03691275167785,"bare",NA,NA,0,NA,NA,0.34,NA,NA,0,NA,NA,497.76,NA,NA,1.31
"247",22.7,1.0503355704698,"bistable",1597.4,3.12,0,1.9,0.39,0.35,12.86,0.06,0,22173.4,655.31,504.2,0.01,1.34,1.32
"248",100,1.0503355704698,"bistable",1188.06,13.83,0,1.5,0.39,0.35,10.7,0.27,0,18234.6,961.99,504.2,0.01,1.27,1.32
"249",500,1.0503355704698,"bistable",280.41,73.71,0,0.5,0.39,0.35,4.66,1.43,0,7599.49,2668.74,504.2,0.07,0.88,1.32
"250",1000,1.0503355704698,"bare",NA,NA,0,NA,NA,0.35,NA,NA,0,NA,NA,504.2,NA,NA,1.32
"251",6000,1.0503355704698,"bare",NA,NA,0,NA,NA,0.35,NA,NA,0,NA,NA,504.2,NA,NA,1.32
"252",10000,1.0503355704698,"bare",NA,NA,0,NA,NA,0.35,NA,NA,0,NA,NA,504.2,NA,NA,1.32
"253",22.7,1.06375838926175,"bistable",1611.43,3.61,0,1.93,0.4,0.35,12.97,0.07,0,22377.17,685.46,510.65,0.01,1.34,1.32
"254",100,1.06375838926175,"bistable",1200.68,16.04,0,1.53,0.4,0.35,10.8,0.31,0,18419.97,1037.51,510.65,0.01,1.27,1.32
"255",500,1.06375838926175,"bistable",280.83,85.9,0,0.51,0.4,0.35,4.66,1.65,0,7617.85,3007.62,510.65,0.07,0.83,1.32
"256",1000,1.06375838926175,"bare",NA,NA,0,NA,NA,0.35,NA,NA,0,NA,NA,510.65,NA,NA,1.32
"257",6000,1.06375838926175,"bare",NA,NA,0,NA,NA,0.35,NA,NA,0,NA,NA,510.65,NA,NA,1.32
"258",10000,1.06375838926175,"bare",NA,NA,0,NA,NA,0.35,NA,NA,0,NA,NA,510.65,NA,NA,1.32
"259",22.7,1.07718120805369,"bistable",1625.48,4.12,0,1.95,0.41,0.35,13.07,0.08,0,22580.98,716.29,517.09,0.01,1.35,1.33
"260",100,1.07718120805369,"bistable",1213.33,18.32,0,1.55,0.41,0.35,10.9,0.35,0,18605.69,1114.35,517.09,0.01,1.26,1.33
"261",500,1.07718120805369,"bistable",281.01,98.7,0,0.52,0.42,0.35,4.67,1.88,0,7631.18,3356.32,517.09,0.08,0.77,1.33
"262",1000,1.07718120805369,"bare",NA,NA,0,NA,NA,0.35,NA,NA,0,NA,NA,517.09,NA,NA,1.33
"263",6000,1.07718120805369,"bare",NA,NA,0,NA,NA,0.35,NA,NA,0,NA,NA,517.09,NA,NA,1.33
"264",10000,1.07718120805369,"bare",NA,NA,0,NA,NA,0.35,NA,NA,0,NA,NA,517.09,NA,NA,1.33
"265",22.7,1.09060402684564,"bistable",1639.52,4.65,0,1.98,0.42,0.36,13.18,0.09,0,22784.83,747.83,523.54,0.01,1.36,1.33
"266",100,1.09060402684564,"bistable",1226.01,20.67,0,1.57,0.42,0.36,10.99,0.39,0,18791.73,1192.57,523.54,0.01,1.26,1.33
"267",500,1.09060402684564,"bistable",280.88,112.19,0,0.52,0.43,0.36,4.66,2.11,0,7637.97,3716.52,523.54,0.08,0.71,1.33
"268",1000,1.09060402684564,"bare",NA,NA,0,NA,NA,0.36,NA,NA,0,NA,NA,523.54,NA,NA,1.33
"269",6000,1.09060402684564,"bare",NA,NA,0,NA,NA,0.36,NA,NA,0,NA,NA,523.54,NA,NA,1.33
"270",10000,1.09060402684564,"bare",NA,NA,0,NA,NA,0.36,NA,NA,0,NA,NA,523.54,NA,NA,1.33
"271",22.7,1.10402684563758,"bistable",1653.56,5.2,0,2,0.44,0.36,13.28,0.1,0,22988.7,780.1,529.98,0.01,1.37,1.33
"272",100,1.10402684563758,"bistable",1238.71,23.1,0,1.6,0.44,0.36,11.09,0.43,0,18978.09,1272.21,529.98,0.01,1.26,1.33
"273",500,1.10402684563758,"bistable",280.34,126.49,0,0.53,0.44,0.36,4.66,2.35,0,7635.94,4090.69,529.98,0.09,0.65,1.33
"274",1000,1.10402684563758,"bare",NA,NA,0,NA,NA,0.36,NA,NA,0,NA,NA,529.98,NA,NA,1.33
"275",6000,1.10402684563758,"bare",NA,NA,0,NA,NA,0.36,NA,NA,0,NA,NA,529.98,NA,NA,1.33
"276",10000,1.10402684563758,"bare",NA,NA,0,NA,NA,0.36,NA,NA,0,NA,NA,529.98,NA,NA,1.33
"277",22.7,1.11744966442953,"bistable",1667.61,5.77,0,2.03,0.45,0.37,13.39,0.11,0,23192.6,813.13,536.43,0.01,1.38,1.34
"278",100,1.11744966442953,"bistable",1251.43,25.62,0,1.62,0.45,0.37,11.19,0.48,0,19164.77,1353.34,536.43,0.01,1.26,1.34
"279",500,1.11744966442953,"bistable",279.21,141.8,0,0.54,0.46,0.37,4.64,2.6,0,7621.55,4482.58,536.43,0.1,0.59,1.34
"280",1000,1.11744966442953,"bare",NA,NA,0,NA,NA,0.37,NA,NA,0,NA,NA,536.43,NA,NA,1.34
"281",6000,1.11744966442953,"bare",NA,NA,0,NA,NA,0.37,NA,NA,0,NA,NA,536.43,NA,NA,1.34
"282",10000,1.11744966442953,"bare",NA,NA,0,NA,NA,0.37,NA,NA,0,NA,NA,536.43,NA,NA,1.34
"283",22.7,1.13087248322148,"bistable",1681.65,6.36,0,2.05,0.46,0.37,13.5,0.12,0,23396.52,846.94,542.87,0.01,1.39,1.34
"284",100,1.13087248322148,"bistable",1264.17,28.23,0,1.64,0.46,0.37,11.29,0.52,0,19351.73,1436.01,542.87,0.01,1.26,1.34
"285",500,1.13087248322148,"bistable",277.21,158.41,0,0.54,0.47,0.37,4.61,2.87,0,7588.61,4898.59,542.87,0.11,0.53,1.34
"286",1000,1.13087248322148,"bare",NA,NA,0,NA,NA,0.37,NA,NA,0,NA,NA,542.87,NA,NA,1.34
"287",6000,1.13087248322148,"bare",NA,NA,0,NA,NA,0.37,NA,NA,0,NA,NA,542.87,NA,NA,1.34
"288",10000,1.13087248322148,"bare",NA,NA,0,NA,NA,0.37,NA,NA,0,NA,NA,542.87,NA,NA,1.34
"289",22.7,1.14429530201342,"bistable",1695.7,6.96,0,2.08,0.48,0.38,13.6,0.13,0,23600.46,881.58,549.32,0.01,1.4,1.35
"290",100,1.14429530201342,"bistable",1276.93,30.93,0,1.66,0.48,0.38,11.39,0.56,0,19538.98,1520.29,549.32,0.01,1.26,1.35
"291",500,1.14429530201342,"bistable",273.77,176.92,0,0.55,0.49,0.38,4.57,3.16,0,7524.82,5351.25,549.32,0.13,0.46,1.35
"292",1000,1.14429530201342,"bare",NA,NA,0,NA,NA,0.38,NA,NA,0,NA,NA,549.32,NA,NA,1.35
"293",6000,1.14429530201342,"bare",NA,NA,0,NA,NA,0.38,NA,NA,0,NA,NA,549.32,NA,NA,1.35
"294",10000,1.14429530201342,"bare",NA,NA,0,NA,NA,0.38,NA,NA,0,NA,NA,549.32,NA,NA,1.35
"295",22.7,1.15771812080537,"bistable",1709.74,7.59,0,2.1,0.49,0.38,13.71,0.14,0,23804.41,917.06,555.76,0.01,1.41,1.35
"296",100,1.15771812080537,"bistable",1289.71,33.72,0,1.69,0.49,0.38,11.49,0.61,0,19726.5,1606.25,555.76,0.01,1.26,1.35
"297",500,1.15771812080537,"bistable",267.38,198.85,0,0.55,0.51,0.38,4.48,3.49,0,7397.78,5873.21,555.76,0.16,0.39,1.35
"298",1000,1.15771812080537,"bare",NA,NA,0,NA,NA,0.38,NA,NA,0,NA,NA,555.76,NA,NA,1.35
"299",6000,1.15771812080537,"bare",NA,NA,0,NA,NA,0.38,NA,NA,0,NA,NA,555.76,NA,NA,1.35
"300",10000,1.15771812080537,"bare",NA,NA,0,NA,NA,0.38,NA,NA,0,NA,NA,555.76,NA,NA,1.35
"301",22.7,1.17114093959732,"bistable",1723.79,8.24,0,2.13,0.51,0.39,13.82,0.15,0,24008.38,953.43,562.21,0.01,1.42,1.35
"302",100,1.17114093959732,"bistable",1302.51,36.61,0,1.71,0.51,0.39,11.59,0.65,0,19914.28,1693.96,562.21,0.01,1.26,1.35
"303",500,1.17114093959732,"bistable",245.86,236.42,0,0.54,0.54,0.39,4.18,4.04,0,6940.22,6732.02,562.21,0.23,0.26,1.35
"304",1000,1.17114093959732,"bare",NA,NA,0,NA,NA,0.39,NA,NA,0,NA,NA,562.21,NA,NA,1.35
"305",6000,1.17114093959732,"bare",NA,NA,0,NA,NA,0.39,NA,NA,0,NA,NA,562.21,NA,NA,1.35
"306",10000,1.17114093959732,"bare",NA,NA,0,NA,NA,0.39,NA,NA,0,NA,NA,562.21,NA,NA,1.35
"307",22.7,1.18456375838926,"bistable",1737.83,8.92,0,2.15,0.52,0.39,13.92,0.16,0,24212.34,990.71,568.65,0.01,1.43,1.36
"308",100,1.18456375838926,"bistable",1315.33,39.62,0,1.73,0.52,0.39,11.69,0.7,0,20102.3,1783.49,568.65,0.01,1.26,1.36
"309",500,1.18456375838926,"bare",NA,NA,0,NA,NA,0.39,NA,NA,0,NA,NA,568.65,NA,NA,1.36
"310",1000,1.18456375838926,"bare",NA,NA,0,NA,NA,0.39,NA,NA,0,NA,NA,568.65,NA,NA,1.36
"311",6000,1.18456375838926,"bare",NA,NA,0,NA,NA,0.39,NA,NA,0,NA,NA,568.65,NA,NA,1.36
"312",10000,1.18456375838926,"bare",NA,NA,0,NA,NA,0.39,NA,NA,0,NA,NA,568.65,NA,NA,1.36
"313",22.7,1.19798657718121,"bistable",1751.87,9.62,0,2.18,0.54,0.39,14.03,0.17,0,24416.31,1028.95,575.1,0.01,1.44,1.36
"314",100,1.19798657718121,"bistable",1328.16,42.73,0,1.76,0.54,0.39,11.79,0.75,0,20290.56,1874.94,575.1,0.01,1.26,1.36
"315",500,1.19798657718121,"bare",NA,NA,0,NA,NA,0.39,NA,NA,0,NA,NA,575.1,NA,NA,1.36
"316",1000,1.19798657718121,"bare",NA,NA,0,NA,NA,0.39,NA,NA,0,NA,NA,575.1,NA,NA,1.36
"317",6000,1.19798657718121,"bare",NA,NA,0,NA,NA,0.39,NA,NA,0,NA,NA,575.1,NA,NA,1.36
"318",10000,1.19798657718121,"bare",NA,NA,0,NA,NA,0.39,NA,NA,0,NA,NA,575.1,NA,NA,1.36
"319",22.7,1.21140939597315,"bistable",1765.91,10.35,0,2.2,0.55,0.4,14.14,0.18,0,24620.28,1068.18,581.54,0.01,1.45,1.37
"320",100,1.21140939597315,"bistable",1341.01,45.96,0,1.78,0.55,0.4,11.88,0.79,0,20479.03,1968.38,581.54,0.01,1.27,1.37
"321",500,1.21140939597315,"bare",NA,NA,0,NA,NA,0.4,NA,NA,0,NA,NA,581.54,NA,NA,1.37
"322",1000,1.21140939597315,"bare",NA,NA,0,NA,NA,0.4,NA,NA,0,NA,NA,581.54,NA,NA,1.37
"323",6000,1.21140939597315,"bare",NA,NA,0,NA,NA,0.4,NA,NA,0,NA,NA,581.54,NA,NA,1.37
"324",10000,1.21140939597315,"bare",NA,NA,0,NA,NA,0.4,NA,NA,0,NA,NA,581.54,NA,NA,1.37
"325",22.7,1.2248322147651,"bistable",1779.95,11.1,0,2.23,0.57,0.4,14.24,0.19,0,24824.23,1108.44,587.99,0.01,1.47,1.37
"326",100,1.2248322147651,"bistable",1353.88,49.31,0,1.8,0.57,0.4,11.98,0.84,0,20667.72,2063.91,587.99,0.01,1.27,1.37
"327",500,1.2248322147651,"bare",NA,NA,0,NA,NA,0.4,NA,NA,0,NA,NA,587.99,NA,NA,1.37
"328",1000,1.2248322147651,"bare",NA,NA,0,NA,NA,0.4,NA,NA,0,NA,NA,587.99,NA,NA,1.37
"329",6000,1.2248322147651,"bare",NA,NA,0,NA,NA,0.4,NA,NA,0,NA,NA,587.99,NA,NA,1.37
"330",10000,1.2248322147651,"bare",NA,NA,0,NA,NA,0.4,NA,NA,0,NA,NA,587.99,NA,NA,1.37
"331",22.7,1.23825503355705,"bistable",1793.99,11.89,0,2.25,0.59,0.41,14.35,0.2,0,25028.18,1149.78,594.43,0.01,1.48,1.37
"332",100,1.23825503355705,"bistable",1366.76,52.8,0,1.83,0.59,0.41,12.08,0.89,0,20856.6,2161.63,594.43,0.01,1.27,1.37
"333",500,1.23825503355705,"bare",NA,NA,0,NA,NA,0.41,NA,NA,0,NA,NA,594.43,NA,NA,1.37
"334",1000,1.23825503355705,"bare",NA,NA,0,NA,NA,0.41,NA,NA,0,NA,NA,594.43,NA,NA,1.37
"335",6000,1.23825503355705,"bare",NA,NA,0,NA,NA,0.41,NA,NA,0,NA,NA,594.43,NA,NA,1.37
"336",10000,1.23825503355705,"bare",NA,NA,0,NA,NA,0.41,NA,NA,0,NA,NA,594.43,NA,NA,1.37
"337",22.7,1.25167785234899,"bistable",1808.02,12.7,0,2.28,0.6,0.41,14.45,0.21,0,25232.1,1192.25,600.88,0.01,1.49,1.38
"338",100,1.25167785234899,"bistable",1379.65,56.42,0,1.85,0.61,0.41,12.18,0.94,0,21045.65,2261.65,600.88,0.01,1.27,1.38
"339",500,1.25167785234899,"bare",NA,NA,0,NA,NA,0.41,NA,NA,0,NA,NA,600.88,NA,NA,1.38
"340",1000,1.25167785234899,"bare",NA,NA,0,NA,NA,0.41,NA,NA,0,NA,NA,600.88,NA,NA,1.38
"341",6000,1.25167785234899,"bare",NA,NA,0,NA,NA,0.41,NA,NA,0,NA,NA,600.88,NA,NA,1.38
"342",10000,1.25167785234899,"bare",NA,NA,0,NA,NA,0.41,NA,NA,0,NA,NA,600.88,NA,NA,1.38
"343",22.7,1.26510067114094,"bistable",1822.05,13.55,0,2.3,0.62,0.42,14.56,0.22,0,25436,1235.88,607.33,0.01,1.51,1.38
"344",100,1.26510067114094,"bistable",1392.55,60.19,0,1.87,0.62,0.42,12.28,0.99,0,21234.88,2364.09,607.33,0.01,1.28,1.38
"345",500,1.26510067114094,"bare",NA,NA,0,NA,NA,0.42,NA,NA,0,NA,NA,607.33,NA,NA,1.38
"346",1000,1.26510067114094,"bare",NA,NA,0,NA,NA,0.42,NA,NA,0,NA,NA,607.33,NA,NA,1.38
"347",6000,1.26510067114094,"bare",NA,NA,0,NA,NA,0.42,NA,NA,0,NA,NA,607.33,NA,NA,1.38
"348",10000,1.26510067114094,"bare",NA,NA,0,NA,NA,0.42,NA,NA,0,NA,NA,607.33,NA,NA,1.38
"349",22.7,1.27852348993289,"bistable",1836.08,14.43,0,2.33,0.64,0.42,14.66,0.24,0,25639.87,1280.73,613.77,0.01,1.52,1.39
"350",100,1.27852348993289,"bistable",1405.46,64.11,0,1.9,0.64,0.42,12.38,1.05,0,21424.26,2469.06,613.77,0.02,1.28,1.39
"351",500,1.27852348993289,"bare",NA,NA,0,NA,NA,0.42,NA,NA,0,NA,NA,613.77,NA,NA,1.39
"352",1000,1.27852348993289,"bare",NA,NA,0,NA,NA,0.42,NA,NA,0,NA,NA,613.77,NA,NA,1.39
"353",6000,1.27852348993289,"bare",NA,NA,0,NA,NA,0.42,NA,NA,0,NA,NA,613.77,NA,NA,1.39
"354",10000,1.27852348993289,"bare",NA,NA,0,NA,NA,0.42,NA,NA,0,NA,NA,613.77,NA,NA,1.39
"355",22.7,1.29194630872483,"bistable",1850.1,15.35,0,2.35,0.66,0.43,14.77,0.25,0,25843.7,1326.87,620.22,0.01,1.53,1.39
"356",100,1.29194630872483,"bistable",1418.39,68.19,0,1.92,0.66,0.43,12.48,1.1,0,21613.77,2576.69,620.22,0.02,1.29,1.39
"357",500,1.29194630872483,"bare",NA,NA,0,NA,NA,0.43,NA,NA,0,NA,NA,620.22,NA,NA,1.39
"358",1000,1.29194630872483,"bare",NA,NA,0,NA,NA,0.43,NA,NA,0,NA,NA,620.22,NA,NA,1.39
"359",6000,1.29194630872483,"bare",NA,NA,0,NA,NA,0.43,NA,NA,0,NA,NA,620.22,NA,NA,1.39
"360",10000,1.29194630872483,"bare",NA,NA,0,NA,NA,0.43,NA,NA,0,NA,NA,620.22,NA,NA,1.39
"361",22.7,1.30536912751678,"bistable",1864.12,16.31,0,2.38,0.68,0.43,14.88,0.26,0,26047.49,1374.33,626.66,0.01,1.55,1.39
"362",100,1.30536912751678,"bistable",1431.32,72.44,0,1.94,0.68,0.43,12.58,1.16,0,21803.41,2687.14,626.66,0.02,1.29,1.39
"363",500,1.30536912751678,"bare",NA,NA,0,NA,NA,0.43,NA,NA,0,NA,NA,626.66,NA,NA,1.39
"364",1000,1.30536912751678,"bare",NA,NA,0,NA,NA,0.43,NA,NA,0,NA,NA,626.66,NA,NA,1.39
"365",6000,1.30536912751678,"bare",NA,NA,0,NA,NA,0.43,NA,NA,0,NA,NA,626.66,NA,NA,1.39
"366",10000,1.30536912751678,"bare",NA,NA,0,NA,NA,0.43,NA,NA,0,NA,NA,626.66,NA,NA,1.39
"367",22.7,1.31879194630872,"bistable",1878.13,17.3,0,2.4,0.7,0.43,14.98,0.27,0,26251.23,1423.19,633.11,0.01,1.57,1.4
"368",100,1.31879194630872,"bistable",1444.25,76.88,0,1.97,0.7,0.43,12.68,1.21,0,21993.15,2800.54,633.11,0.02,1.3,1.4
"369",500,1.31879194630872,"bare",NA,NA,0,NA,NA,0.43,NA,NA,0,NA,NA,633.11,NA,NA,1.4
"370",1000,1.31879194630872,"bare",NA,NA,0,NA,NA,0.43,NA,NA,0,NA,NA,633.11,NA,NA,1.4
"371",6000,1.31879194630872,"bare",NA,NA,0,NA,NA,0.43,NA,NA,0,NA,NA,633.11,NA,NA,1.4
"372",10000,1.31879194630872,"bare",NA,NA,0,NA,NA,0.43,NA,NA,0,NA,NA,633.11,NA,NA,1.4
"373",22.7,1.33221476510067,"bistable",1892.14,18.34,0,2.43,0.72,0.44,15.09,0.29,0,26454.91,1473.51,639.55,0.01,1.58,1.4
"374",100,1.33221476510067,"bistable",1457.2,81.51,0,1.99,0.72,0.44,12.78,1.27,0,22182.98,2917.07,639.55,0.02,1.3,1.4
"375",500,1.33221476510067,"bare",NA,NA,0,NA,NA,0.44,NA,NA,0,NA,NA,639.55,NA,NA,1.4
"376",1000,1.33221476510067,"bare",NA,NA,0,NA,NA,0.44,NA,NA,0,NA,NA,639.55,NA,NA,1.4
"377",6000,1.33221476510067,"bare",NA,NA,0,NA,NA,0.44,NA,NA,0,NA,NA,639.55,NA,NA,1.4
"378",10000,1.33221476510067,"bare",NA,NA,0,NA,NA,0.44,NA,NA,0,NA,NA,639.55,NA,NA,1.4
"379",22.7,1.34563758389262,"bistable",1906.14,19.43,0,2.45,0.74,0.44,15.19,0.3,0,26658.53,1525.36,646,0.01,1.6,1.41
"380",100,1.34563758389262,"bistable",1470.14,86.34,0,2.01,0.75,0.44,12.88,1.33,0,22372.88,3036.9,646,0.02,1.31,1.41
"381",500,1.34563758389262,"bare",NA,NA,0,NA,NA,0.44,NA,NA,0,NA,NA,646,NA,NA,1.41
"382",1000,1.34563758389262,"bare",NA,NA,0,NA,NA,0.44,NA,NA,0,NA,NA,646,NA,NA,1.41
"383",6000,1.34563758389262,"bare",NA,NA,0,NA,NA,0.44,NA,NA,0,NA,NA,646,NA,NA,1.41
"384",10000,1.34563758389262,"bare",NA,NA,0,NA,NA,0.44,NA,NA,0,NA,NA,646,NA,NA,1.41
"385",22.7,1.35906040268456,"bistable",1920.13,20.57,0,2.47,0.77,0.45,15.3,0.31,0,26862.07,1578.81,652.45,0.01,1.62,1.41
"386",100,1.35906040268456,"bistable",1483.09,91.39,0,2.04,0.77,0.45,12.98,1.39,0,22562.83,3160.23,652.45,0.02,1.31,1.41
"387",500,1.35906040268456,"bare",NA,NA,0,NA,NA,0.45,NA,NA,0,NA,NA,652.45,NA,NA,1.41
"388",1000,1.35906040268456,"bare",NA,NA,0,NA,NA,0.45,NA,NA,0,NA,NA,652.45,NA,NA,1.41
"389",6000,1.35906040268456,"bare",NA,NA,0,NA,NA,0.45,NA,NA,0,NA,NA,652.45,NA,NA,1.41
"390",10000,1.35906040268456,"bare",NA,NA,0,NA,NA,0.45,NA,NA,0,NA,NA,652.45,NA,NA,1.41
"391",22.7,1.37248322147651,"bistable",1934.12,21.75,0,2.5,0.79,0.45,15.4,0.33,0,27065.53,1633.95,658.89,0.02,1.63,1.41
"392",100,1.37248322147651,"bistable",1496.04,96.67,0,2.06,0.79,0.45,13.07,1.45,0,22752.82,3287.25,658.89,0.02,1.32,1.41
"393",500,1.37248322147651,"bare",NA,NA,0,NA,NA,0.45,NA,NA,0,NA,NA,658.89,NA,NA,1.41
"394",1000,1.37248322147651,"bare",NA,NA,0,NA,NA,0.45,NA,NA,0,NA,NA,658.89,NA,NA,1.41
"395",6000,1.37248322147651,"bare",NA,NA,0,NA,NA,0.45,NA,NA,0,NA,NA,658.89,NA,NA,1.41
"396",10000,1.37248322147651,"bare",NA,NA,0,NA,NA,0.45,NA,NA,0,NA,NA,658.89,NA,NA,1.41
"397",22.7,1.38590604026846,"bistable",1948.09,23,0,2.52,0.81,0.46,15.51,0.34,0,27268.89,1690.85,665.34,0.02,1.65,1.42
"398",100,1.38590604026846,"bistable",1508.99,102.2,0,2.08,0.82,0.46,13.17,1.52,0,22942.81,3418.19,665.34,0.02,1.33,1.42
"399",500,1.38590604026846,"bare",NA,NA,0,NA,NA,0.46,NA,NA,0,NA,NA,665.34,NA,NA,1.42
"400",1000,1.38590604026846,"bare",NA,NA,0,NA,NA,0.46,NA,NA,0,NA,NA,665.34,NA,NA,1.42
"401",6000,1.38590604026846,"bare",NA,NA,0,NA,NA,0.46,NA,NA,0,NA,NA,665.34,NA,NA,1.42
"402",10000,1.38590604026846,"bare",NA,NA,0,NA,NA,0.46,NA,NA,0,NA,NA,665.34,NA,NA,1.42
"403",22.7,1.3993288590604,"bistable",1962.06,24.3,0,2.55,0.84,0.46,15.61,0.36,0,27472.15,1749.6,671.78,0.02,1.67,1.42
"404",100,1.3993288590604,"bistable",1521.93,108,0,2.11,0.84,0.46,13.27,1.59,0,23132.79,3553.29,671.78,0.02,1.34,1.42
"405",500,1.3993288590604,"bare",NA,NA,0,NA,NA,0.46,NA,NA,0,NA,NA,671.78,NA,NA,1.42
"406",1000,1.3993288590604,"bare",NA,NA,0,NA,NA,0.46,NA,NA,0,NA,NA,671.78,NA,NA,1.42
"407",6000,1.3993288590604,"bare",NA,NA,0,NA,NA,0.46,NA,NA,0,NA,NA,671.78,NA,NA,1.42
"408",10000,1.3993288590604,"bare",NA,NA,0,NA,NA,0.46,NA,NA,0,NA,NA,671.78,NA,NA,1.42
"409",22.7,1.41275167785235,"bistable",1976.01,25.67,0,2.57,0.87,0.47,15.72,0.37,0,27675.3,1810.31,678.23,0.02,1.69,1.43
"410",100,1.41275167785235,"bistable",1534.87,114.08,0,2.13,0.87,0.47,13.37,1.66,0,23322.74,3692.82,678.23,0.02,1.34,1.43
"411",500,1.41275167785235,"bare",NA,NA,0,NA,NA,0.47,NA,NA,0,NA,NA,678.23,NA,NA,1.43
"412",1000,1.41275167785235,"bare",NA,NA,0,NA,NA,0.47,NA,NA,0,NA,NA,678.23,NA,NA,1.43
"413",6000,1.41275167785235,"bare",NA,NA,0,NA,NA,0.47,NA,NA,0,NA,NA,678.23,NA,NA,1.43
"414",10000,1.41275167785235,"bare",NA,NA,0,NA,NA,0.47,NA,NA,0,NA,NA,678.23,NA,NA,1.43
"415",22.7,1.4261744966443,"bistable",1989.96,27.1,0,2.6,0.89,0.47,15.82,0.39,0,27878.31,1873.07,684.68,0.02,1.71,1.43
"416",100,1.4261744966443,"bistable",1547.81,120.46,0,2.15,0.89,0.47,13.47,1.73,0,23512.62,3837.06,684.68,0.02,1.35,1.43
"417",500,1.4261744966443,"bare",NA,NA,0,NA,NA,0.47,NA,NA,0,NA,NA,684.68,NA,NA,1.43
"418",1000,1.4261744966443,"bare",NA,NA,0,NA,NA,0.47,NA,NA,0,NA,NA,684.68,NA,NA,1.43
"419",6000,1.4261744966443,"bare",NA,NA,0,NA,NA,0.47,NA,NA,0,NA,NA,684.68,NA,NA,1.43
"420",10000,1.4261744966443,"bare",NA,NA,0,NA,NA,0.47,NA,NA,0,NA,NA,684.68,NA,NA,1.43
"421",22.7,1.43959731543624,"bistable",2003.89,28.61,0,2.62,0.92,0.47,15.92,0.41,0,28081.19,1938,691.12,0.02,1.74,1.44
"422",100,1.43959731543624,"bistable",1560.73,127.16,0,2.18,0.92,0.47,13.57,1.8,0,23702.41,3986.32,691.12,0.02,1.36,1.44
"423",500,1.43959731543624,"bare",NA,NA,0,NA,NA,0.47,NA,NA,0,NA,NA,691.12,NA,NA,1.44
"424",1000,1.43959731543624,"bare",NA,NA,0,NA,NA,0.47,NA,NA,0,NA,NA,691.12,NA,NA,1.44
"425",6000,1.43959731543624,"bare",NA,NA,0,NA,NA,0.47,NA,NA,0,NA,NA,691.12,NA,NA,1.44
"426",10000,1.43959731543624,"bare",NA,NA,0,NA,NA,0.47,NA,NA,0,NA,NA,691.12,NA,NA,1.44
"427",22.7,1.45302013422819,"bistable",2017.8,30.19,0,2.65,0.95,0.48,16.03,0.42,0,28283.91,2005.21,697.57,0.02,1.76,1.44
"428",100,1.45302013422819,"bistable",1573.64,134.22,0,2.2,0.95,0.48,13.67,1.88,0,23892.07,4140.95,697.57,0.02,1.37,1.44
"429",500,1.45302013422819,"bare",NA,NA,0,NA,NA,0.48,NA,NA,0,NA,NA,697.57,NA,NA,1.44
"430",1000,1.45302013422819,"bare",NA,NA,0,NA,NA,0.48,NA,NA,0,NA,NA,697.57,NA,NA,1.44
"431",6000,1.45302013422819,"bare",NA,NA,0,NA,NA,0.48,NA,NA,0,NA,NA,697.57,NA,NA,1.44
"432",10000,1.45302013422819,"bare",NA,NA,0,NA,NA,0.48,NA,NA,0,NA,NA,697.57,NA,NA,1.44
"433",22.7,1.46644295302013,"bistable",2031.7,31.86,0,2.67,0.98,0.48,16.13,0.44,0,28486.45,2074.84,704.01,0.02,1.78,1.44
"434",100,1.46644295302013,"bistable",1586.54,141.65,0,2.22,0.98,0.48,13.77,1.96,0,24081.58,4301.32,704.01,0.02,1.38,1.44
"435",500,1.46644295302013,"bare",NA,NA,0,NA,NA,0.48,NA,NA,0,NA,NA,704.01,NA,NA,1.44
"436",1000,1.46644295302013,"bare",NA,NA,0,NA,NA,0.48,NA,NA,0,NA,NA,704.01,NA,NA,1.44
"437",6000,1.46644295302013,"bare",NA,NA,0,NA,NA,0.48,NA,NA,0,NA,NA,704.01,NA,NA,1.44
"438",10000,1.46644295302013,"bare",NA,NA,0,NA,NA,0.48,NA,NA,0,NA,NA,704.01,NA,NA,1.44
"439",22.7,1.47986577181208,"bistable",2045.59,33.62,0,2.7,1.01,0.49,16.24,0.46,0,28688.81,2147.03,710.46,0.02,1.81,1.45
"440",100,1.47986577181208,"bistable",1599.42,149.49,0,2.25,1.01,0.49,13.86,2.04,0,24270.89,4467.84,710.46,0.02,1.39,1.45
"441",500,1.47986577181208,"bare",NA,NA,0,NA,NA,0.49,NA,NA,0,NA,NA,710.46,NA,NA,1.45
"442",1000,1.47986577181208,"bare",NA,NA,0,NA,NA,0.49,NA,NA,0,NA,NA,710.46,NA,NA,1.45
"443",6000,1.47986577181208,"bare",NA,NA,0,NA,NA,0.49,NA,NA,0,NA,NA,710.46,NA,NA,1.45
"444",10000,1.47986577181208,"bare",NA,NA,0,NA,NA,0.49,NA,NA,0,NA,NA,710.46,NA,NA,1.45
"445",22.7,1.49328859060403,"bistable",2059.45,35.48,0,2.72,1.04,0.49,16.34,0.48,0,28890.95,2221.92,716.91,0.02,1.83,1.45
"446",100,1.49328859060403,"bistable",1612.28,157.76,0,2.27,1.04,0.49,13.96,2.12,0,24459.96,4640.96,716.91,0.02,1.4,1.45
"447",500,1.49328859060403,"bare",NA,NA,0,NA,NA,0.49,NA,NA,0,NA,NA,716.91,NA,NA,1.45
"448",1000,1.49328859060403,"bare",NA,NA,0,NA,NA,0.49,NA,NA,0,NA,NA,716.91,NA,NA,1.45
"449",6000,1.49328859060403,"bare",NA,NA,0,NA,NA,0.49,NA,NA,0,NA,NA,716.91,NA,NA,1.45
"450",10000,1.49328859060403,"bare",NA,NA,0,NA,NA,0.49,NA,NA,0,NA,NA,716.91,NA,NA,1.45
"451",22.7,1.50671140939597,"bistable",2073.3,37.44,0,2.75,1.07,0.5,16.44,0.5,0,29092.86,2299.69,723.35,0.02,1.86,1.46
"452",100,1.50671140939597,"bistable",1625.11,166.51,0,2.3,1.07,0.5,14.06,2.21,0,24648.74,4821.18,723.35,0.03,1.41,1.46
"453",500,1.50671140939597,"bare",NA,NA,0,NA,NA,0.5,NA,NA,0,NA,NA,723.35,NA,NA,1.46
"454",1000,1.50671140939597,"bare",NA,NA,0,NA,NA,0.5,NA,NA,0,NA,NA,723.35,NA,NA,1.46
"455",6000,1.50671140939597,"bare",NA,NA,0,NA,NA,0.5,NA,NA,0,NA,NA,723.35,NA,NA,1.46
"456",10000,1.50671140939597,"bare",NA,NA,0,NA,NA,0.5,NA,NA,0,NA,NA,723.35,NA,NA,1.46
"457",22.7,1.52013422818792,"bistable",2087.12,39.52,0,2.77,1.11,0.5,16.55,0.52,0,29294.52,2380.51,729.8,0.02,1.88,1.46
"458",100,1.52013422818792,"bistable",1637.92,175.78,0,2.32,1.11,0.5,14.16,2.31,0,24837.18,5009.05,729.8,0.03,1.42,1.46
"459",500,1.52013422818792,"bare",NA,NA,0,NA,NA,0.5,NA,NA,0,NA,NA,729.8,NA,NA,1.46
"460",1000,1.52013422818792,"bare",NA,NA,0,NA,NA,0.5,NA,NA,0,NA,NA,729.8,NA,NA,1.46
"461",6000,1.52013422818792,"bare",NA,NA,0,NA,NA,0.5,NA,NA,0,NA,NA,729.8,NA,NA,1.46
"462",10000,1.52013422818792,"bare",NA,NA,0,NA,NA,0.5,NA,NA,0,NA,NA,729.8,NA,NA,1.46
"463",22.7,1.53355704697987,"bistable",2100.92,41.73,0,2.8,1.14,0.5,16.65,0.54,0,29495.89,2464.58,736.25,0.02,1.91,1.46
"464",100,1.53355704697987,"bistable",1650.69,185.61,0,2.34,1.14,0.5,14.25,2.4,0,25025.22,5205.19,736.25,0.03,1.43,1.46
"465",500,1.53355704697987,"bare",NA,NA,0,NA,NA,0.5,NA,NA,0,NA,NA,736.25,NA,NA,1.46
"466",1000,1.53355704697987,"bare",NA,NA,0,NA,NA,0.5,NA,NA,0,NA,NA,736.25,NA,NA,1.46
"467",6000,1.53355704697987,"bare",NA,NA,0,NA,NA,0.5,NA,NA,0,NA,NA,736.25,NA,NA,1.46
"468",10000,1.53355704697987,"bare",NA,NA,0,NA,NA,0.5,NA,NA,0,NA,NA,736.25,NA,NA,1.46
"469",22.7,1.54697986577181,"bistable",2114.69,44.07,0,2.82,1.18,0.51,16.75,0.57,0,29696.94,2552.11,742.69,0.02,1.94,1.47
"470",100,1.54697986577181,"bistable",1663.42,196.05,0,2.37,1.18,0.51,14.35,2.51,0,25212.8,5410.28,742.69,0.03,1.45,1.47
"471",500,1.54697986577181,"bare",NA,NA,0,NA,NA,0.51,NA,NA,0,NA,NA,742.69,NA,NA,1.47
"472",1000,1.54697986577181,"bare",NA,NA,0,NA,NA,0.51,NA,NA,0,NA,NA,742.69,NA,NA,1.47
"473",6000,1.54697986577181,"bare",NA,NA,0,NA,NA,0.51,NA,NA,0,NA,NA,742.69,NA,NA,1.47
"474",10000,1.54697986577181,"bare",NA,NA,0,NA,NA,0.51,NA,NA,0,NA,NA,742.69,NA,NA,1.47
"475",22.7,1.56040268456376,"bistable",2128.43,46.56,0,2.85,1.22,0.51,16.85,0.59,0,29897.64,2643.34,749.14,0.02,1.97,1.47
"476",100,1.56040268456376,"bistable",1676.1,207.15,0,2.39,1.22,0.51,14.45,2.61,0,25399.83,5625.08,749.14,0.03,1.46,1.47
"477",500,1.56040268456376,"bare",NA,NA,0,NA,NA,0.51,NA,NA,0,NA,NA,749.14,NA,NA,1.47
"478",1000,1.56040268456376,"bare",NA,NA,0,NA,NA,0.51,NA,NA,0,NA,NA,749.14,NA,NA,1.47
"479",6000,1.56040268456376,"bare",NA,NA,0,NA,NA,0.51,NA,NA,0,NA,NA,749.14,NA,NA,1.47
"480",10000,1.56040268456376,"bare",NA,NA,0,NA,NA,0.51,NA,NA,0,NA,NA,749.14,NA,NA,1.47
"481",22.7,1.5738255033557,"bistable",2142.13,49.21,0,2.87,1.26,0.52,16.96,0.62,0,30097.96,2738.53,755.58,0.02,2,1.48
"482",100,1.5738255033557,"bistable",1688.73,219,0,2.41,1.26,0.52,14.54,2.73,0,25586.24,5850.46,755.58,0.03,1.47,1.48
"483",500,1.5738255033557,"bare",NA,NA,0,NA,NA,0.52,NA,NA,0,NA,NA,755.58,NA,NA,1.48
"484",1000,1.5738255033557,"bare",NA,NA,0,NA,NA,0.52,NA,NA,0,NA,NA,755.58,NA,NA,1.48
"485",6000,1.5738255033557,"bare",NA,NA,0,NA,NA,0.52,NA,NA,0,NA,NA,755.58,NA,NA,1.48
"486",10000,1.5738255033557,"bare",NA,NA,0,NA,NA,0.52,NA,NA,0,NA,NA,755.58,NA,NA,1.48
"487",22.7,1.58724832214765,"bistable",2155.8,52.04,0,2.9,1.3,0.52,17.06,0.64,0,30297.84,2837.97,762.03,0.03,2.03,1.48
"488",100,1.58724832214765,"bistable",1701.31,231.65,0,2.44,1.3,0.52,14.64,2.84,0,25771.91,6087.36,762.03,0.03,1.48,1.48
"489",500,1.58724832214765,"bare",NA,NA,0,NA,NA,0.52,NA,NA,0,NA,NA,762.03,NA,NA,1.48
"490",1000,1.58724832214765,"bare",NA,NA,0,NA,NA,0.52,NA,NA,0,NA,NA,762.03,NA,NA,1.48
"491",6000,1.58724832214765,"bare",NA,NA,0,NA,NA,0.52,NA,NA,0,NA,NA,762.03,NA,NA,1.48
"492",10000,1.58724832214765,"bare",NA,NA,0,NA,NA,0.52,NA,NA,0,NA,NA,762.03,NA,NA,1.48
"493",22.7,1.6006711409396,"bistable",2169.43,55.07,0,2.92,1.34,0.53,17.16,0.67,0,30497.24,2941.98,768.48,0.03,2.06,1.48
"494",100,1.6006711409396,"bistable",1713.81,245.18,0,2.46,1.34,0.53,14.73,2.97,0,25956.73,6336.89,768.48,0.03,1.49,1.48
"495",500,1.6006711409396,"bare",NA,NA,0,NA,NA,0.53,NA,NA,0,NA,NA,768.48,NA,NA,1.48
"496",1000,1.6006711409396,"bare",NA,NA,0,NA,NA,0.53,NA,NA,0,NA,NA,768.48,NA,NA,1.48
"497",6000,1.6006711409396,"bare",NA,NA,0,NA,NA,0.53,NA,NA,0,NA,NA,768.48,NA,NA,1.48
"498",10000,1.6006711409396,"bare",NA,NA,0,NA,NA,0.53,NA,NA,0,NA,NA,768.48,NA,NA,1.48
"499",22.7,1.61409395973154,"bistable",2183.01,58.32,0,2.95,1.38,0.53,17.26,0.7,0,30696.1,3050.91,774.92,0.03,2.1,1.49
"500",100,1.61409395973154,"bistable",1726.22,259.71,0,2.48,1.38,0.53,14.83,3.1,0,26140.56,6600.29,774.92,0.04,1.51,1.49
"501",500,1.61409395973154,"bare",NA,NA,0,NA,NA,0.53,NA,NA,0,NA,NA,774.92,NA,NA,1.49
"502",1000,1.61409395973154,"bare",NA,NA,0,NA,NA,0.53,NA,NA,0,NA,NA,774.92,NA,NA,1.49
"503",6000,1.61409395973154,"bare",NA,NA,0,NA,NA,0.53,NA,NA,0,NA,NA,774.92,NA,NA,1.49
"504",10000,1.61409395973154,"bare",NA,NA,0,NA,NA,0.53,NA,NA,0,NA,NA,774.92,NA,NA,1.49
"505",22.7,1.62751677852349,"bistable",2196.54,61.81,0,2.97,1.43,0.54,17.36,0.73,0,30894.36,3165.17,781.37,0.03,2.13,1.49
"506",100,1.62751677852349,"bistable",1738.55,275.33,0,2.51,1.43,0.54,14.92,3.25,0,26323.25,6878.97,781.37,0.04,1.52,1.49
"507",500,1.62751677852349,"bare",NA,NA,0,NA,NA,0.54,NA,NA,0,NA,NA,781.37,NA,NA,1.49
"508",1000,1.62751677852349,"bare",NA,NA,0,NA,NA,0.54,NA,NA,0,NA,NA,781.37,NA,NA,1.49
"509",6000,1.62751677852349,"bare",NA,NA,0,NA,NA,0.54,NA,NA,0,NA,NA,781.37,NA,NA,1.49
"510",10000,1.62751677852349,"bare",NA,NA,0,NA,NA,0.54,NA,NA,0,NA,NA,781.37,NA,NA,1.49
"511",22.7,1.64093959731544,"bistable",2210.01,65.57,0,2.99,1.48,0.54,17.46,0.77,0,31091.93,3285.2,787.82,0.03,2.17,1.5
"512",100,1.64093959731544,"bistable",1750.76,292.17,0,2.53,1.48,0.54,15.01,3.4,0,26504.59,7174.55,787.82,0.04,1.53,1.5
"513",500,1.64093959731544,"bare",NA,NA,0,NA,NA,0.54,NA,NA,0,NA,NA,787.82,NA,NA,1.5
"514",1000,1.64093959731544,"bare",NA,NA,0,NA,NA,0.54,NA,NA,0,NA,NA,787.82,NA,NA,1.5
"515",6000,1.64093959731544,"bare",NA,NA,0,NA,NA,0.54,NA,NA,0,NA,NA,787.82,NA,NA,1.5
"516",10000,1.64093959731544,"bare",NA,NA,0,NA,NA,0.54,NA,NA,0,NA,NA,787.82,NA,NA,1.5
"517",22.7,1.65436241610738,"bistable",2223.42,69.63,0,3.02,1.53,0.54,17.56,0.81,0,31288.74,3411.52,794.26,0.03,2.21,1.5
"518",100,1.65436241610738,"bistable",1762.84,310.38,0,2.55,1.53,0.54,15.1,3.56,0,26684.37,7488.92,794.26,0.04,1.54,1.5
"519",500,1.65436241610738,"bare",NA,NA,0,NA,NA,0.54,NA,NA,0,NA,NA,794.26,NA,NA,1.5
"520",1000,1.65436241610738,"bare",NA,NA,0,NA,NA,0.54,NA,NA,0,NA,NA,794.26,NA,NA,1.5
"521",6000,1.65436241610738,"bare",NA,NA,0,NA,NA,0.54,NA,NA,0,NA,NA,794.26,NA,NA,1.5
"522",10000,1.65436241610738,"bare",NA,NA,0,NA,NA,0.54,NA,NA,0,NA,NA,794.26,NA,NA,1.5
"523",22.7,1.66778523489933,"bistable",2236.75,74.04,0,3.04,1.58,0.55,17.66,0.84,0,31484.68,3544.71,800.71,0.03,2.25,1.5
"524",100,1.66778523489933,"bistable",1774.77,330.14,0,2.58,1.58,0.55,15.19,3.74,0,26862.29,7824.24,800.71,0.04,1.55,1.5
"525",500,1.66778523489933,"bare",NA,NA,0,NA,NA,0.55,NA,NA,0,NA,NA,800.71,NA,NA,1.5
"526",1000,1.66778523489933,"bare",NA,NA,0,NA,NA,0.55,NA,NA,0,NA,NA,800.71,NA,NA,1.5
"527",6000,1.66778523489933,"bare",NA,NA,0,NA,NA,0.55,NA,NA,0,NA,NA,800.71,NA,NA,1.5
"528",10000,1.66778523489933,"bare",NA,NA,0,NA,NA,0.55,NA,NA,0,NA,NA,800.71,NA,NA,1.5
"529",22.7,1.68120805369128,"bistable",2250,78.82,0,3.07,1.63,0.55,17.76,0.89,0,31679.62,3685.42,807.16,0.04,2.29,1.51
"530",100,1.68120805369128,"bistable",1786.52,351.63,0,2.6,1.63,0.55,15.28,3.92,0,27038.03,8183.07,807.16,0.05,1.56,1.51
"531",500,1.68120805369128,"bare",NA,NA,0,NA,NA,0.55,NA,NA,0,NA,NA,807.16,NA,NA,1.51
"532",1000,1.68120805369128,"bare",NA,NA,0,NA,NA,0.55,NA,NA,0,NA,NA,807.16,NA,NA,1.51
"533",6000,1.68120805369128,"bare",NA,NA,0,NA,NA,0.55,NA,NA,0,NA,NA,807.16,NA,NA,1.51
"534",10000,1.68120805369128,"bare",NA,NA,0,NA,NA,0.55,NA,NA,0,NA,NA,807.16,NA,NA,1.51
"535",22.7,1.69463087248322,"bistable",2263.15,84.04,0,3.09,1.69,0.56,17.85,0.93,0,31873.43,3834.43,813.6,0.04,2.33,1.51
"536",100,1.69463087248322,"bistable",1798.06,375.11,0,2.62,1.69,0.56,15.37,4.13,0,27211.15,8568.41,813.6,0.05,1.57,1.51
"537",500,1.69463087248322,"bare",NA,NA,0,NA,NA,0.56,NA,NA,0,NA,NA,813.6,NA,NA,1.51
"538",1000,1.69463087248322,"bare",NA,NA,0,NA,NA,0.56,NA,NA,0,NA,NA,813.6,NA,NA,1.51
"539",6000,1.69463087248322,"bare",NA,NA,0,NA,NA,0.56,NA,NA,0,NA,NA,813.6,NA,NA,1.51
"540",10000,1.69463087248322,"bare",NA,NA,0,NA,NA,0.56,NA,NA,0,NA,NA,813.6,NA,NA,1.51
"541",22.7,1.70805369127517,"bistable",2276.19,89.75,0,3.12,1.74,0.56,17.95,0.98,0,32065.94,3992.62,820.05,0.04,2.37,1.52
"542",100,1.70805369127517,"bistable",1809.34,400.85,0,2.65,1.74,0.56,15.45,4.35,0,27381.14,8983.82,820.05,0.05,1.58,1.52
"543",500,1.70805369127517,"bare",NA,NA,0,NA,NA,0.56,NA,NA,0,NA,NA,820.05,NA,NA,1.52
"544",1000,1.70805369127517,"bare",NA,NA,0,NA,NA,0.56,NA,NA,0,NA,NA,820.05,NA,NA,1.52
"545",6000,1.70805369127517,"bare",NA,NA,0,NA,NA,0.56,NA,NA,0,NA,NA,820.05,NA,NA,1.52
"546",10000,1.70805369127517,"bare",NA,NA,0,NA,NA,0.56,NA,NA,0,NA,NA,820.05,NA,NA,1.52
"547",22.7,1.72147651006711,"bistable",2289.1,96.02,0,3.14,1.8,0.57,18.05,1.04,0,32256.93,4161.05,826.5,0.04,2.42,1.52
"548",100,1.72147651006711,"bistable",1820.3,429.2,0,2.67,1.8,0.57,15.54,4.59,0,27547.33,9433.58,826.5,0.06,1.58,1.52
"549",500,1.72147651006711,"bare",NA,NA,0,NA,NA,0.57,NA,NA,0,NA,NA,826.5,NA,NA,1.52
"550",1000,1.72147651006711,"bare",NA,NA,0,NA,NA,0.57,NA,NA,0,NA,NA,826.5,NA,NA,1.52
"551",6000,1.72147651006711,"bare",NA,NA,0,NA,NA,0.57,NA,NA,0,NA,NA,826.5,NA,NA,1.52
"552",10000,1.72147651006711,"bare",NA,NA,0,NA,NA,0.57,NA,NA,0,NA,NA,826.5,NA,NA,1.52
"553",22.7,1.73489932885906,"bistable",2301.87,102.95,0,3.17,1.87,0.57,18.14,1.1,0,32446.17,4340.93,832.95,0.04,2.46,1.52
"554",100,1.73489932885906,"bistable",1830.89,460.59,0,2.69,1.87,0.57,15.62,4.85,0,27708.84,9922.87,832.95,0.06,1.59,1.52
"555",500,1.73489932885906,"bare",NA,NA,0,NA,NA,0.57,NA,NA,0,NA,NA,832.95,NA,NA,1.52
"556",1000,1.73489932885906,"bare",NA,NA,0,NA,NA,0.57,NA,NA,0,NA,NA,832.95,NA,NA,1.52
"557",6000,1.73489932885906,"bare",NA,NA,0,NA,NA,0.57,NA,NA,0,NA,NA,832.95,NA,NA,1.52
"558",10000,1.73489932885906,"bare",NA,NA,0,NA,NA,0.57,NA,NA,0,NA,NA,832.95,NA,NA,1.52
"559",22.7,1.74832214765101,"bistable",2314.46,110.65,0,3.19,1.93,0.58,18.23,1.16,0,32633.34,4533.76,839.39,0.05,2.51,1.53
"560",100,1.74832214765101,"bistable",1841,495.52,0,2.72,1.93,0.58,15.69,5.14,0,27864.54,10458.05,839.39,0.07,1.58,1.53
"561",500,1.74832214765101,"bare",NA,NA,0,NA,NA,0.58,NA,NA,0,NA,NA,839.39,NA,NA,1.53
"562",1000,1.74832214765101,"bare",NA,NA,0,NA,NA,0.58,NA,NA,0,NA,NA,839.39,NA,NA,1.53
"563",6000,1.74832214765101,"bare",NA,NA,0,NA,NA,0.58,NA,NA,0,NA,NA,839.39,NA,NA,1.53
"564",10000,1.74832214765101,"bare",NA,NA,0,NA,NA,0.58,NA,NA,0,NA,NA,839.39,NA,NA,1.53
"565",22.7,1.76174496644295,"bistable",2326.84,119.23,0,3.22,2,0.58,18.32,1.23,0,32818.07,4741.3,845.84,0.05,2.56,1.53
"566",100,1.76174496644295,"bistable",1850.5,534.65,0,2.74,2,0.58,15.76,5.47,0,28012.91,11047,845.84,0.07,1.58,1.53
"567",500,1.76174496644295,"bare",NA,NA,0,NA,NA,0.58,NA,NA,0,NA,NA,845.84,NA,NA,1.53
"568",1000,1.76174496644295,"bare",NA,NA,0,NA,NA,0.58,NA,NA,0,NA,NA,845.84,NA,NA,1.53
"569",6000,1.76174496644295,"bare",NA,NA,0,NA,NA,0.58,NA,NA,0,NA,NA,845.84,NA,NA,1.53
"570",10000,1.76174496644295,"bare",NA,NA,0,NA,NA,0.58,NA,NA,0,NA,NA,845.84,NA,NA,1.53
"571",22.7,1.7751677852349,"bistable",2338.98,128.87,0,3.24,2.07,0.58,18.41,1.31,0,32999.87,4965.74,852.29,0.05,2.61,1.54
"572",100,1.7751677852349,"bistable",1859.24,578.78,0,2.76,2.07,0.58,15.83,5.83,0,28151.83,11699.68,852.29,0.08,1.57,1.54
"573",500,1.7751677852349,"bare",NA,NA,0,NA,NA,0.58,NA,NA,0,NA,NA,852.29,NA,NA,1.54
"574",1000,1.7751677852349,"bare",NA,NA,0,NA,NA,0.58,NA,NA,0,NA,NA,852.29,NA,NA,1.54
"575",6000,1.7751677852349,"bare",NA,NA,0,NA,NA,0.58,NA,NA,0,NA,NA,852.29,NA,NA,1.54
"576",10000,1.7751677852349,"bare",NA,NA,0,NA,NA,0.58,NA,NA,0,NA,NA,852.29,NA,NA,1.54
"577",22.7,1.78859060402685,"bistable",2350.82,139.77,0,3.27,2.14,0.59,18.5,1.41,0,33178.14,5209.76,858.73,0.06,2.66,1.54
"578",100,1.78859060402685,"bistable",1866.96,628.97,0,2.79,2.14,0.59,15.89,6.24,0,28278.31,12428.91,858.73,0.09,1.55,1.54
"579",500,1.78859060402685,"bare",NA,NA,0,NA,NA,0.59,NA,NA,0,NA,NA,858.73,NA,NA,1.54
"580",1000,1.78859060402685,"bare",NA,NA,0,NA,NA,0.59,NA,NA,0,NA,NA,858.73,NA,NA,1.54
"581",6000,1.78859060402685,"bare",NA,NA,0,NA,NA,0.59,NA,NA,0,NA,NA,858.73,NA,NA,1.54
"582",10000,1.78859060402685,"bare",NA,NA,0,NA,NA,0.59,NA,NA,0,NA,NA,858.73,NA,NA,1.54
"583",22.7,1.80201342281879,"bistable",2362.3,152.19,0,3.29,2.22,0.59,18.59,1.51,0,33352.09,5476.76,865.18,0.06,2.71,1.54
"584",100,1.80201342281879,"bistable",1873.31,686.61,0,2.81,2.22,0.59,15.93,6.71,0,28387.92,13251.52,865.18,0.1,1.53,1.54
"585",500,1.80201342281879,"bare",NA,NA,0,NA,NA,0.59,NA,NA,0,NA,NA,865.18,NA,NA,1.54
"586",1000,1.80201342281879,"bare",NA,NA,0,NA,NA,0.59,NA,NA,0,NA,NA,865.18,NA,NA,1.54
"587",6000,1.80201342281879,"bare",NA,NA,0,NA,NA,0.59,NA,NA,0,NA,NA,865.18,NA,NA,1.54
"588",10000,1.80201342281879,"bare",NA,NA,0,NA,NA,0.59,NA,NA,0,NA,NA,865.18,NA,NA,1.54
"589",22.7,1.81543624161074,"bistable",2373.32,166.47,0,3.31,2.3,0.6,18.67,1.63,0,33520.68,5771.08,871.63,0.07,2.76,1.55
"590",100,1.81543624161074,"bistable",1877.72,753.58,0,2.83,2.3,0.6,15.97,7.25,0,28473.84,14190.36,871.63,0.11,1.49,1.55
"591",500,1.81543624161074,"bare",NA,NA,0,NA,NA,0.6,NA,NA,0,NA,NA,871.63,NA,NA,1.55
"592",1000,1.81543624161074,"bare",NA,NA,0,NA,NA,0.6,NA,NA,0,NA,NA,871.63,NA,NA,1.55
"593",6000,1.81543624161074,"bare",NA,NA,0,NA,NA,0.6,NA,NA,0,NA,NA,871.63,NA,NA,1.55
"594",10000,1.81543624161074,"bare",NA,NA,0,NA,NA,0.6,NA,NA,0,NA,NA,871.63,NA,NA,1.55
"595",22.7,1.82885906040268,"bistable",2383.78,183.07,0,3.34,2.39,0.6,18.74,1.76,0,33682.52,6098.4,878.07,0.07,2.81,1.55
"596",100,1.82885906040268,"bistable",1879.29,832.55,0,2.85,2.39,0.6,15.98,7.88,0,28524.81,15277.67,878.07,0.13,1.44,1.55
"597",500,1.82885906040268,"bare",NA,NA,0,NA,NA,0.6,NA,NA,0,NA,NA,878.07,NA,NA,1.55
"598",1000,1.82885906040268,"bare",NA,NA,0,NA,NA,0.6,NA,NA,0,NA,NA,878.07,NA,NA,1.55
"599",6000,1.82885906040268,"bare",NA,NA,0,NA,NA,0.6,NA,NA,0,NA,NA,878.07,NA,NA,1.55
"600",10000,1.82885906040268,"bare",NA,NA,0,NA,NA,0.6,NA,NA,0,NA,NA,878.07,NA,NA,1.55
"601",22.7,1.84228187919463,"bistable",2393.5,202.6,0,3.36,2.48,0.61,18.82,1.92,0,33835.66,6466.29,884.52,0.08,2.86,1.56
"602",100,1.84228187919463,"bistable",1876.37,927.49,0,2.87,2.48,0.61,15.95,8.63,0,28520.72,16561.62,884.52,0.15,1.36,1.56
"603",500,1.84228187919463,"bare",NA,NA,0,NA,NA,0.61,NA,NA,0,NA,NA,884.52,NA,NA,1.56
"604",1000,1.84228187919463,"bare",NA,NA,0,NA,NA,0.61,NA,NA,0,NA,NA,884.52,NA,NA,1.56
"605",6000,1.84228187919463,"bare",NA,NA,0,NA,NA,0.61,NA,NA,0,NA,NA,884.52,NA,NA,1.56
"606",10000,1.84228187919463,"bare",NA,NA,0,NA,NA,0.61,NA,NA,0,NA,NA,884.52,NA,NA,1.56
"607",22.7,1.85570469798658,"bistable",2402.26,225.89,0,3.39,2.57,0.61,18.88,2.11,0,33977.38,6885.17,890.97,0.09,2.91,1.56
"608",100,1.85570469798658,"bistable",1865.65,1044.96,0,2.89,2.57,0.61,15.87,9.56,0,28420.77,18121.51,890.97,0.19,1.25,1.56
"609",500,1.85570469798658,"bare",NA,NA,0,NA,NA,0.61,NA,NA,0,NA,NA,890.97,NA,NA,1.56
"610",1000,1.85570469798658,"bare",NA,NA,0,NA,NA,0.61,NA,NA,0,NA,NA,890.97,NA,NA,1.56
"611",6000,1.85570469798658,"bare",NA,NA,0,NA,NA,0.61,NA,NA,0,NA,NA,890.97,NA,NA,1.56
"612",10000,1.85570469798658,"bare",NA,NA,0,NA,NA,0.61,NA,NA,0,NA,NA,890.97,NA,NA,1.56
"613",22.7,1.86912751677852,"bistable",2409.73,254.16,0,3.41,2.67,0.62,18.93,2.34,0,34103.63,7369.76,897.42,0.1,2.95,1.56
"614",100,1.86912751677852,"bistable",1838.77,1197.86,0,2.9,2.68,0.62,15.67,10.75,0,28121.87,20114.68,897.42,0.25,1.1,1.56
"615",500,1.86912751677852,"bare",NA,NA,0,NA,NA,0.62,NA,NA,0,NA,NA,897.42,NA,NA,1.56
"616",1000,1.86912751677852,"bare",NA,NA,0,NA,NA,0.62,NA,NA,0,NA,NA,897.42,NA,NA,1.56
"617",6000,1.86912751677852,"bare",NA,NA,0,NA,NA,0.62,NA,NA,0,NA,NA,897.42,NA,NA,1.56
"618",10000,1.86912751677852,"bare",NA,NA,0,NA,NA,0.62,NA,NA,0,NA,NA,897.42,NA,NA,1.56
"619",22.7,1.88255033557047,"bistable",2415.37,289.21,0,3.44,2.77,0.62,18.98,2.62,0,34208.24,7941.7,903.86,0.12,2.99,1.57
"620",100,1.88255033557047,"bistable",1758.9,1429.67,0,2.9,2.8,0.62,15.06,12.54,0,27169.18,23075.03,903.86,0.38,0.82,1.57
"621",500,1.88255033557047,"bare",NA,NA,0,NA,NA,0.62,NA,NA,0,NA,NA,903.86,NA,NA,1.57
"622",1000,1.88255033557047,"bare",NA,NA,0,NA,NA,0.62,NA,NA,0,NA,NA,903.86,NA,NA,1.57
"623",6000,1.88255033557047,"bare",NA,NA,0,NA,NA,0.62,NA,NA,0,NA,NA,903.86,NA,NA,1.57
"624",10000,1.88255033557047,"bare",NA,NA,0,NA,NA,0.62,NA,NA,0,NA,NA,903.86,NA,NA,1.57
"625",22.7,1.89597315436242,"bistable",2418.35,333.79,0,3.46,2.88,0.62,19,2.98,0,34281.22,8634.32,910.31,0.13,3.01,1.57
"626",100,1.89597315436242,"bare",NA,NA,0,NA,NA,0.62,NA,NA,0,NA,NA,910.31,NA,NA,1.57
"627",500,1.89597315436242,"bare",NA,NA,0,NA,NA,0.62,NA,NA,0,NA,NA,910.31,NA,NA,1.57
"628",1000,1.89597315436242,"bare",NA,NA,0,NA,NA,0.62,NA,NA,0,NA,NA,910.31,NA,NA,1.57
"629",6000,1.89597315436242,"bare",NA,NA,0,NA,NA,0.62,NA,NA,0,NA,NA,910.31,NA,NA,1.57
"630",10000,1.89597315436242,"bare",NA,NA,0,NA,NA,0.62,NA,NA,0,NA,NA,910.31,NA,NA,1.57
"631",22.7,1.90939597315436,"bistable",2417.22,392.45,0,3.49,2.99,0.63,18.99,3.45,0,34305.25,9501.93,916.76,0.16,3.02,1.58
"632",100,1.90939597315436,"bare",NA,NA,0,NA,NA,0.63,NA,NA,0,NA,NA,916.76,NA,NA,1.58
"633",500,1.90939597315436,"bare",NA,NA,0,NA,NA,0.63,NA,NA,0,NA,NA,916.76,NA,NA,1.58
"634",1000,1.90939597315436,"bare",NA,NA,0,NA,NA,0.63,NA,NA,0,NA,NA,916.76,NA,NA,1.58
"635",6000,1.90939597315436,"bare",NA,NA,0,NA,NA,0.63,NA,NA,0,NA,NA,916.76,NA,NA,1.58
"636",10000,1.90939597315436,"bare",NA,NA,0,NA,NA,0.63,NA,NA,0,NA,NA,916.76,NA,NA,1.58
"637",22.7,1.92281879194631,"bistable",2409.21,473.22,0,3.51,3.11,0.63,18.93,4.09,0,34247.35,10640.23,923.21,0.2,2.99,1.58
"638",100,1.92281879194631,"bare",NA,NA,0,NA,NA,0.63,NA,NA,0,NA,NA,923.21,NA,NA,1.58
"639",500,1.92281879194631,"bare",NA,NA,0,NA,NA,0.63,NA,NA,0,NA,NA,923.21,NA,NA,1.58
"640",1000,1.92281879194631,"bare",NA,NA,0,NA,NA,0.63,NA,NA,0,NA,NA,923.21,NA,NA,1.58
"641",6000,1.92281879194631,"bare",NA,NA,0,NA,NA,0.63,NA,NA,0,NA,NA,923.21,NA,NA,1.58
"642",10000,1.92281879194631,"bare",NA,NA,0,NA,NA,0.63,NA,NA,0,NA,NA,923.21,NA,NA,1.58
"643",22.7,1.93624161073825,"bistable",2388.26,591.9,0,3.53,3.23,0.64,18.77,5.03,0,34035.55,12236.98,929.65,0.25,2.91,1.59
"644",100,1.93624161073825,"bare",NA,NA,0,NA,NA,0.64,NA,NA,0,NA,NA,929.65,NA,NA,1.59
"645",500,1.93624161073825,"bare",NA,NA,0,NA,NA,0.64,NA,NA,0,NA,NA,929.65,NA,NA,1.59
"646",1000,1.93624161073825,"bare",NA,NA,0,NA,NA,0.64,NA,NA,0,NA,NA,929.65,NA,NA,1.59
"647",6000,1.93624161073825,"bare",NA,NA,0,NA,NA,0.64,NA,NA,0,NA,NA,929.65,NA,NA,1.59
"648",10000,1.93624161073825,"bare",NA,NA,0,NA,NA,0.64,NA,NA,0,NA,NA,929.65,NA,NA,1.59
"649",22.7,1.9496644295302,"bistable",2337.87,785.32,0,3.56,3.36,0.64,18.39,6.55,0,33473.02,14729.82,936.1,0.36,2.72,1.59
"650",100,1.9496644295302,"bare",NA,NA,0,NA,NA,0.64,NA,NA,0,NA,NA,936.1,NA,NA,1.59
"651",500,1.9496644295302,"bare",NA,NA,0,NA,NA,0.64,NA,NA,0,NA,NA,936.1,NA,NA,1.59
"652",1000,1.9496644295302,"bare",NA,NA,0,NA,NA,0.64,NA,NA,0,NA,NA,936.1,NA,NA,1.59
"653",6000,1.9496644295302,"bare",NA,NA,0,NA,NA,0.64,NA,NA,0,NA,NA,936.1,NA,NA,1.59
"654",10000,1.9496644295302,"bare",NA,NA,0,NA,NA,0.64,NA,NA,0,NA,NA,936.1,NA,NA,1.59
"655",22.7,1.96308724832215,"bistable",2183.5,1178.61,0,3.58,3.49,0.65,17.24,9.6,0,31671.27,19605.72,942.55,0.63,2.2,1.59
"656",100,1.96308724832215,"bare",NA,NA,0,NA,NA,0.65,NA,NA,0,NA,NA,942.55,NA,NA,1.59
"657",500,1.96308724832215,"bare",NA,NA,0,NA,NA,0.65,NA,NA,0,NA,NA,942.55,NA,NA,1.59
"658",1000,1.96308724832215,"bare",NA,NA,0,NA,NA,0.65,NA,NA,0,NA,NA,942.55,NA,NA,1.59
"659",6000,1.96308724832215,"bare",NA,NA,0,NA,NA,0.65,NA,NA,0,NA,NA,942.55,NA,NA,1.59
"660",10000,1.96308724832215,"bare",NA,NA,0,NA,NA,0.65,NA,NA,0,NA,NA,942.55,NA,NA,1.59
"661",22.7,1.97651006711409,"bare",NA,NA,0,NA,NA,0.65,NA,NA,0,NA,NA,949,NA,NA,1.6
"662",100,1.97651006711409,"bare",NA,NA,0,NA,NA,0.65,NA,NA,0,NA,NA,949,NA,NA,1.6
"663",500,1.97651006711409,"bare",NA,NA,0,NA,NA,0.65,NA,NA,0,NA,NA,949,NA,NA,1.6
"664",1000,1.97651006711409,"bare",NA,NA,0,NA,NA,0.65,NA,NA,0,NA,NA,949,NA,NA,1.6
"665",6000,1.97651006711409,"bare",NA,NA,0,NA,NA,0.65,NA,NA,0,NA,NA,949,NA,NA,1.6
"666",10000,1.97651006711409,"bare",NA,NA,0,NA,NA,0.65,NA,NA,0,NA,NA,949,NA,NA,1.6
"667",22.7,1.98993288590604,"bare",NA,NA,0,NA,NA,0.66,NA,NA,0,NA,NA,955.44,NA,NA,1.6
"668",100,1.98993288590604,"bare",NA,NA,0,NA,NA,0.66,NA,NA,0,NA,NA,955.44,NA,NA,1.6
"669",500,1.98993288590604,"bare",NA,NA,0,NA,NA,0.66,NA,NA,0,NA,NA,955.44,NA,NA,1.6
"670",1000,1.98993288590604,"bare",NA,NA,0,NA,NA,0.66,NA,NA,0,NA,NA,955.44,NA,NA,1.6
"671",6000,1.98993288590604,"bare",NA,NA,0,NA,NA,0.66,NA,NA,0,NA,NA,955.44,NA,NA,1.6
"672",10000,1.98993288590604,"bare",NA,NA,0,NA,NA,0.66,NA,NA,0,NA,NA,955.44,NA,NA,1.6
"673",22.7,2.00335570469799,"bare",NA,NA,0,NA,NA,0.66,NA,NA,0,NA,NA,961.89,NA,NA,1.61
"674",100,2.00335570469799,"bare",NA,NA,0,NA,NA,0.66,NA,NA,0,NA,NA,961.89,NA,NA,1.61
"675",500,2.00335570469799,"bare",NA,NA,0,NA,NA,0.66,NA,NA,0,NA,NA,961.89,NA,NA,1.61
"676",1000,2.00335570469799,"bare",NA,NA,0,NA,NA,0.66,NA,NA,0,NA,NA,961.89,NA,NA,1.61
"677",6000,2.00335570469799,"bare",NA,NA,0,NA,NA,0.66,NA,NA,0,NA,NA,961.89,NA,NA,1.61
"678",10000,2.00335570469799,"bare",NA,NA,0,NA,NA,0.66,NA,NA,0,NA,NA,961.89,NA,NA,1.61
"679",22.7,2.01677852348993,"bare",NA,NA,0,NA,NA,0.66,NA,NA,0,NA,NA,968.34,NA,NA,1.61
"680",100,2.01677852348993,"bare",NA,NA,0,NA,NA,0.66,NA,NA,0,NA,NA,968.34,NA,NA,1.61
"681",500,2.01677852348993,"bare",NA,NA,0,NA,NA,0.66,NA,NA,0,NA,NA,968.34,NA,NA,1.61
"682",1000,2.01677852348993,"bare",NA,NA,0,NA,NA,0.66,NA,NA,0,NA,NA,968.34,NA,NA,1.61
"683",6000,2.01677852348993,"bare",NA,NA,0,NA,NA,0.66,NA,NA,0,NA,NA,968.34,NA,NA,1.61
"684",10000,2.01677852348993,"bare",NA,NA,0,NA,NA,0.66,NA,NA,0,NA,NA,968.34,NA,NA,1.61
"685",22.7,2.03020134228188,"bare",NA,NA,0,NA,NA,0.67,NA,NA,0,NA,NA,974.79,NA,NA,1.61
"686",100,2.03020134228188,"bare",NA,NA,0,NA,NA,0.67,NA,NA,0,NA,NA,974.79,NA,NA,1.61
"687",500,2.03020134228188,"bare",NA,NA,0,NA,NA,0.67,NA,NA,0,NA,NA,974.79,NA,NA,1.61
"688",1000,2.03020134228188,"bare",NA,NA,0,NA,NA,0.67,NA,NA,0,NA,NA,974.79,NA,NA,1.61
"689",6000,2.03020134228188,"bare",NA,NA,0,NA,NA,0.67,NA,NA,0,NA,NA,974.79,NA,NA,1.61
"690",10000,2.03020134228188,"bare",NA,NA,0,NA,NA,0.67,NA,NA,0,NA,NA,974.79,NA,NA,1.61
"691",22.7,2.04362416107383,"bare",NA,NA,0,NA,NA,0.67,NA,NA,0,NA,NA,981.24,NA,NA,1.62
"692",100,2.04362416107383,"bare",NA,NA,0,NA,NA,0.67,NA,NA,0,NA,NA,981.24,NA,NA,1.62
"693",500,2.04362416107383,"bare",NA,NA,0,NA,NA,0.67,NA,NA,0,NA,NA,981.24,NA,NA,1.62
"694",1000,2.04362416107383,"bare",NA,NA,0,NA,NA,0.67,NA,NA,0,NA,NA,981.24,NA,NA,1.62
"695",6000,2.04362416107383,"bare",NA,NA,0,NA,NA,0.67,NA,NA,0,NA,NA,981.24,NA,NA,1.62
"696",10000,2.04362416107383,"bare",NA,NA,0,NA,NA,0.67,NA,NA,0,NA,NA,981.24,NA,NA,1.62
"697",22.7,2.05704697986577,"bare",NA,NA,0,NA,NA,0.68,NA,NA,0,NA,NA,987.68,NA,NA,1.62
"698",100,2.05704697986577,"bare",NA,NA,0,NA,NA,0.68,NA,NA,0,NA,NA,987.68,NA,NA,1.62
"699",500,2.05704697986577,"bare",NA,NA,0,NA,NA,0.68,NA,NA,0,NA,NA,987.68,NA,NA,1.62
"700",1000,2.05704697986577,"bare",NA,NA,0,NA,NA,0.68,NA,NA,0,NA,NA,987.68,NA,NA,1.62
"701",6000,2.05704697986577,"bare",NA,NA,0,NA,NA,0.68,NA,NA,0,NA,NA,987.68,NA,NA,1.62
"702",10000,2.05704697986577,"bare",NA,NA,0,NA,NA,0.68,NA,NA,0,NA,NA,987.68,NA,NA,1.62
"703",22.7,2.07046979865772,"bare",NA,NA,0,NA,NA,0.68,NA,NA,0,NA,NA,994.13,NA,NA,1.63
"704",100,2.07046979865772,"bare",NA,NA,0,NA,NA,0.68,NA,NA,0,NA,NA,994.13,NA,NA,1.63
"705",500,2.07046979865772,"bare",NA,NA,0,NA,NA,0.68,NA,NA,0,NA,NA,994.13,NA,NA,1.63
"706",1000,2.07046979865772,"bare",NA,NA,0,NA,NA,0.68,NA,NA,0,NA,NA,994.13,NA,NA,1.63
"707",6000,2.07046979865772,"bare",NA,NA,0,NA,NA,0.68,NA,NA,0,NA,NA,994.13,NA,NA,1.63
"708",10000,2.07046979865772,"bare",NA,NA,0,NA,NA,0.68,NA,NA,0,NA,NA,994.13,NA,NA,1.63
"709",22.7,2.08389261744966,"bare",NA,NA,0,NA,NA,0.69,NA,NA,0,NA,NA,1000.58,NA,NA,1.63
"710",100,2.08389261744966,"bare",NA,NA,0,NA,NA,0.69,NA,NA,0,NA,NA,1000.58,NA,NA,1.63
"711",500,2.08389261744966,"bare",NA,NA,0,NA,NA,0.69,NA,NA,0,NA,NA,1000.58,NA,NA,1.63
"712",1000,2.08389261744966,"bare",NA,NA,0,NA,NA,0.69,NA,NA,0,NA,NA,1000.58,NA,NA,1.63
"713",6000,2.08389261744966,"bare",NA,NA,0,NA,NA,0.69,NA,NA,0,NA,NA,1000.58,NA,NA,1.63
"714",10000,2.08389261744966,"bare",NA,NA,0,NA,NA,0.69,NA,NA,0,NA,NA,1000.58,NA,NA,1.63
"715",22.7,2.09731543624161,"bare",NA,NA,0,NA,NA,0.69,NA,NA,0,NA,NA,1007.03,NA,NA,1.63
"716",100,2.09731543624161,"bare",NA,NA,0,NA,NA,0.69,NA,NA,0,NA,NA,1007.03,NA,NA,1.63
"717",500,2.09731543624161,"bare",NA,NA,0,NA,NA,0.69,NA,NA,0,NA,NA,1007.03,NA,NA,1.63
"718",1000,2.09731543624161,"bare",NA,NA,0,NA,NA,0.69,NA,NA,0,NA,NA,1007.03,NA,NA,1.63
"719",6000,2.09731543624161,"bare",NA,NA,0,NA,NA,0.69,NA,NA,0,NA,NA,1007.03,NA,NA,1.63
"720",10000,2.09731543624161,"bare",NA,NA,0,NA,NA,0.69,NA,NA,0,NA,NA,1007.03,NA,NA,1.63
"721",22.7,2.11073825503356,"bare",NA,NA,0,NA,NA,0.69,NA,NA,0,NA,NA,1013.48,NA,NA,1.64
"722",100,2.11073825503356,"bare",NA,NA,0,NA,NA,0.69,NA,NA,0,NA,NA,1013.48,NA,NA,1.64
"723",500,2.11073825503356,"bare",NA,NA,0,NA,NA,0.69,NA,NA,0,NA,NA,1013.48,NA,NA,1.64
"724",1000,2.11073825503356,"bare",NA,NA,0,NA,NA,0.69,NA,NA,0,NA,NA,1013.48,NA,NA,1.64
"725",6000,2.11073825503356,"bare",NA,NA,0,NA,NA,0.69,NA,NA,0,NA,NA,1013.48,NA,NA,1.64
"726",10000,2.11073825503356,"bare",NA,NA,0,NA,NA,0.69,NA,NA,0,NA,NA,1013.48,NA,NA,1.64
"727",22.7,2.1241610738255,"bare",NA,NA,0,NA,NA,0.7,NA,NA,0,NA,NA,1019.92,NA,NA,1.64
"728",100,2.1241610738255,"bare",NA,NA,0,NA,NA,0.7,NA,NA,0,NA,NA,1019.92,NA,NA,1.64
"729",500,2.1241610738255,"bare",NA,NA,0,NA,NA,0.7,NA,NA,0,NA,NA,1019.92,NA,NA,1.64
"730",1000,2.1241610738255,"bare",NA,NA,0,NA,NA,0.7,NA,NA,0,NA,NA,1019.92,NA,NA,1.64
"731",6000,2.1241610738255,"bare",NA,NA,0,NA,NA,0.7,NA,NA,0,NA,NA,1019.92,NA,NA,1.64
"732",10000,2.1241610738255,"bare",NA,NA,0,NA,NA,0.7,NA,NA,0,NA,NA,1019.92,NA,NA,1.64
"733",22.7,2.13758389261745,"bare",NA,NA,0,NA,NA,0.7,NA,NA,0,NA,NA,1026.37,NA,NA,1.65
"734",100,2.13758389261745,"bare",NA,NA,0,NA,NA,0.7,NA,NA,0,NA,NA,1026.37,NA,NA,1.65
"735",500,2.13758389261745,"bare",NA,NA,0,NA,NA,0.7,NA,NA,0,NA,NA,1026.37,NA,NA,1.65
"736",1000,2.13758389261745,"bare",NA,NA,0,NA,NA,0.7,NA,NA,0,NA,NA,1026.37,NA,NA,1.65
"737",6000,2.13758389261745,"bare",NA,NA,0,NA,NA,0.7,NA,NA,0,NA,NA,1026.37,NA,NA,1.65
"738",10000,2.13758389261745,"bare",NA,NA,0,NA,NA,0.7,NA,NA,0,NA,NA,1026.37,NA,NA,1.65
"739",22.7,2.1510067114094,"bare",NA,NA,0,NA,NA,0.71,NA,NA,0,NA,NA,1032.82,NA,NA,1.65
"740",100,2.1510067114094,"bare",NA,NA,0,NA,NA,0.71,NA,NA,0,NA,NA,1032.82,NA,NA,1.65
"741",500,2.1510067114094,"bare",NA,NA,0,NA,NA,0.71,NA,NA,0,NA,NA,1032.82,NA,NA,1.65
"742",1000,2.1510067114094,"bare",NA,NA,0,NA,NA,0.71,NA,NA,0,NA,NA,1032.82,NA,NA,1.65
"743",6000,2.1510067114094,"bare",NA,NA,0,NA,NA,0.71,NA,NA,0,NA,NA,1032.82,NA,NA,1.65
"744",10000,2.1510067114094,"bare",NA,NA,0,NA,NA,0.71,NA,NA,0,NA,NA,1032.82,NA,NA,1.65
"745",22.7,2.16442953020134,"bare",NA,NA,0,NA,NA,0.71,NA,NA,0,NA,NA,1039.27,NA,NA,1.65
"746",100,2.16442953020134,"bare",NA,NA,0,NA,NA,0.71,NA,NA,0,NA,NA,1039.27,NA,NA,1.65
"747",500,2.16442953020134,"bare",NA,NA,0,NA,NA,0.71,NA,NA,0,NA,NA,1039.27,NA,NA,1.65
"748",1000,2.16442953020134,"bare",NA,NA,0,NA,NA,0.71,NA,NA,0,NA,NA,1039.27,NA,NA,1.65
"749",6000,2.16442953020134,"bare",NA,NA,0,NA,NA,0.71,NA,NA,0,NA,NA,1039.27,NA,NA,1.65
"750",10000,2.16442953020134,"bare",NA,NA,0,NA,NA,0.71,NA,NA,0,NA,NA,1039.27,NA,NA,1.65
"751",22.7,2.17785234899329,"bare",NA,NA,0,NA,NA,0.72,NA,NA,0,NA,NA,1045.72,NA,NA,1.66
"752",100,2.17785234899329,"bare",NA,NA,0,NA,NA,0.72,NA,NA,0,NA,NA,1045.72,NA,NA,1.66
"753",500,2.17785234899329,"bare",NA,NA,0,NA,NA,0.72,NA,NA,0,NA,NA,1045.72,NA,NA,1.66
"754",1000,2.17785234899329,"bare",NA,NA,0,NA,NA,0.72,NA,NA,0,NA,NA,1045.72,NA,NA,1.66
"755",6000,2.17785234899329,"bare",NA,NA,0,NA,NA,0.72,NA,NA,0,NA,NA,1045.72,NA,NA,1.66
"756",10000,2.17785234899329,"bare",NA,NA,0,NA,NA,0.72,NA,NA,0,NA,NA,1045.72,NA,NA,1.66
"757",22.7,2.19127516778523,"bare",NA,NA,0,NA,NA,0.72,NA,NA,0,NA,NA,1052.16,NA,NA,1.66
"758",100,2.19127516778523,"bare",NA,NA,0,NA,NA,0.72,NA,NA,0,NA,NA,1052.16,NA,NA,1.66
"759",500,2.19127516778523,"bare",NA,NA,0,NA,NA,0.72,NA,NA,0,NA,NA,1052.16,NA,NA,1.66
"760",1000,2.19127516778523,"bare",NA,NA,0,NA,NA,0.72,NA,NA,0,NA,NA,1052.16,NA,NA,1.66
"761",6000,2.19127516778523,"bare",NA,NA,0,NA,NA,0.72,NA,NA,0,NA,NA,1052.16,NA,NA,1.66
"762",10000,2.19127516778523,"bare",NA,NA,0,NA,NA,0.72,NA,NA,0,NA,NA,1052.16,NA,NA,1.66
"763",22.7,2.20469798657718,"bare",NA,NA,0,NA,NA,0.73,NA,NA,0,NA,NA,1058.61,NA,NA,1.67
"764",100,2.20469798657718,"bare",NA,NA,0,NA,NA,0.73,NA,NA,0,NA,NA,1058.61,NA,NA,1.67
"765",500,2.20469798657718,"bare",NA,NA,0,NA,NA,0.73,NA,NA,0,NA,NA,1058.61,NA,NA,1.67
"766",1000,2.20469798657718,"bare",NA,NA,0,NA,NA,0.73,NA,NA,0,NA,NA,1058.61,NA,NA,1.67
"767",6000,2.20469798657718,"bare",NA,NA,0,NA,NA,0.73,NA,NA,0,NA,NA,1058.61,NA,NA,1.67
"768",10000,2.20469798657718,"bare",NA,NA,0,NA,NA,0.73,NA,NA,0,NA,NA,1058.61,NA,NA,1.67
"769",22.7,2.21812080536913,"bare",NA,NA,0,NA,NA,0.73,NA,NA,0,NA,NA,1065.06,NA,NA,1.67
"770",100,2.21812080536913,"bare",NA,NA,0,NA,NA,0.73,NA,NA,0,NA,NA,1065.06,NA,NA,1.67
"771",500,2.21812080536913,"bare",NA,NA,0,NA,NA,0.73,NA,NA,0,NA,NA,1065.06,NA,NA,1.67
"772",1000,2.21812080536913,"bare",NA,NA,0,NA,NA,0.73,NA,NA,0,NA,NA,1065.06,NA,NA,1.67
"773",6000,2.21812080536913,"bare",NA,NA,0,NA,NA,0.73,NA,NA,0,NA,NA,1065.06,NA,NA,1.67
"774",10000,2.21812080536913,"bare",NA,NA,0,NA,NA,0.73,NA,NA,0,NA,NA,1065.06,NA,NA,1.67
"775",22.7,2.23154362416107,"bare",NA,NA,0,NA,NA,0.73,NA,NA,0,NA,NA,1071.51,NA,NA,1.67
"776",100,2.23154362416107,"bare",NA,NA,0,NA,NA,0.73,NA,NA,0,NA,NA,1071.51,NA,NA,1.67
"777",500,2.23154362416107,"bare",NA,NA,0,NA,NA,0.73,NA,NA,0,NA,NA,1071.51,NA,NA,1.67
"778",1000,2.23154362416107,"bare",NA,NA,0,NA,NA,0.73,NA,NA,0,NA,NA,1071.51,NA,NA,1.67
"779",6000,2.23154362416107,"bare",NA,NA,0,NA,NA,0.73,NA,NA,0,NA,NA,1071.51,NA,NA,1.67
"780",10000,2.23154362416107,"bare",NA,NA,0,NA,NA,0.73,NA,NA,0,NA,NA,1071.51,NA,NA,1.67
"781",22.7,2.24496644295302,"bare",NA,NA,0,NA,NA,0.74,NA,NA,0,NA,NA,1077.96,NA,NA,1.68
"782",100,2.24496644295302,"bare",NA,NA,0,NA,NA,0.74,NA,NA,0,NA,NA,1077.96,NA,NA,1.68
"783",500,2.24496644295302,"bare",NA,NA,0,NA,NA,0.74,NA,NA,0,NA,NA,1077.96,NA,NA,1.68
"784",1000,2.24496644295302,"bare",NA,NA,0,NA,NA,0.74,NA,NA,0,NA,NA,1077.96,NA,NA,1.68
"785",6000,2.24496644295302,"bare",NA,NA,0,NA,NA,0.74,NA,NA,0,NA,NA,1077.96,NA,NA,1.68
"786",10000,2.24496644295302,"bare",NA,NA,0,NA,NA,0.74,NA,NA,0,NA,NA,1077.96,NA,NA,1.68
"787",22.7,2.25838926174497,"bare",NA,NA,0,NA,NA,0.74,NA,NA,0,NA,NA,1084.41,NA,NA,1.68
"788",100,2.25838926174497,"bare",NA,NA,0,NA,NA,0.74,NA,NA,0,NA,NA,1084.41,NA,NA,1.68
"789",500,2.25838926174497,"bare",NA,NA,0,NA,NA,0.74,NA,NA,0,NA,NA,1084.41,NA,NA,1.68
"790",1000,2.25838926174497,"bare",NA,NA,0,NA,NA,0.74,NA,NA,0,NA,NA,1084.41,NA,NA,1.68
"791",6000,2.25838926174497,"bare",NA,NA,0,NA,NA,0.74,NA,NA,0,NA,NA,1084.41,NA,NA,1.68
"792",10000,2.25838926174497,"bare",NA,NA,0,NA,NA,0.74,NA,NA,0,NA,NA,1084.41,NA,NA,1.68
"793",22.7,2.27181208053691,"bare",NA,NA,0,NA,NA,0.75,NA,NA,0,NA,NA,1090.85,NA,NA,1.69
"794",100,2.27181208053691,"bare",NA,NA,0,NA,NA,0.75,NA,NA,0,NA,NA,1090.85,NA,NA,1.69
"795",500,2.27181208053691,"bare",NA,NA,0,NA,NA,0.75,NA,NA,0,NA,NA,1090.85,NA,NA,1.69
"796",1000,2.27181208053691,"bare",NA,NA,0,NA,NA,0.75,NA,NA,0,NA,NA,1090.85,NA,NA,1.69
"797",6000,2.27181208053691,"bare",NA,NA,0,NA,NA,0.75,NA,NA,0,NA,NA,1090.85,NA,NA,1.69
"798",10000,2.27181208053691,"bare",NA,NA,0,NA,NA,0.75,NA,NA,0,NA,NA,1090.85,NA,NA,1.69
"799",22.7,2.28523489932886,"bare",NA,NA,0,NA,NA,0.75,NA,NA,0,NA,NA,1097.3,NA,NA,1.69
"800",100,2.28523489932886,"bare",NA,NA,0,NA,NA,0.75,NA,NA,0,NA,NA,1097.3,NA,NA,1.69
"801",500,2.28523489932886,"bare",NA,NA,0,NA,NA,0.75,NA,NA,0,NA,NA,1097.3,NA,NA,1.69
"802",1000,2.28523489932886,"bare",NA,NA,0,NA,NA,0.75,NA,NA,0,NA,NA,1097.3,NA,NA,1.69
"803",6000,2.28523489932886,"bare",NA,NA,0,NA,NA,0.75,NA,NA,0,NA,NA,1097.3,NA,NA,1.69
"804",10000,2.28523489932886,"bare",NA,NA,0,NA,NA,0.75,NA,NA,0,NA,NA,1097.3,NA,NA,1.69
"805",22.7,2.29865771812081,"bare",NA,NA,0,NA,NA,0.76,NA,NA,0,NA,NA,1103.75,NA,NA,1.69
"806",100,2.29865771812081,"bare",NA,NA,0,NA,NA,0.76,NA,NA,0,NA,NA,1103.75,NA,NA,1.69
"807",500,2.29865771812081,"bare",NA,NA,0,NA,NA,0.76,NA,NA,0,NA,NA,1103.75,NA,NA,1.69
"808",1000,2.29865771812081,"bare",NA,NA,0,NA,NA,0.76,NA,NA,0,NA,NA,1103.75,NA,NA,1.69
"809",6000,2.29865771812081,"bare",NA,NA,0,NA,NA,0.76,NA,NA,0,NA,NA,1103.75,NA,NA,1.69
"810",10000,2.29865771812081,"bare",NA,NA,0,NA,NA,0.76,NA,NA,0,NA,NA,1103.75,NA,NA,1.69
"811",22.7,2.31208053691275,"bare",NA,NA,0,NA,NA,0.76,NA,NA,0,NA,NA,1110.2,NA,NA,1.7
"812",100,2.31208053691275,"bare",NA,NA,0,NA,NA,0.76,NA,NA,0,NA,NA,1110.2,NA,NA,1.7
"813",500,2.31208053691275,"bare",NA,NA,0,NA,NA,0.76,NA,NA,0,NA,NA,1110.2,NA,NA,1.7
"814",1000,2.31208053691275,"bare",NA,NA,0,NA,NA,0.76,NA,NA,0,NA,NA,1110.2,NA,NA,1.7
"815",6000,2.31208053691275,"bare",NA,NA,0,NA,NA,0.76,NA,NA,0,NA,NA,1110.2,NA,NA,1.7
"816",10000,2.31208053691275,"bare",NA,NA,0,NA,NA,0.76,NA,NA,0,NA,NA,1110.2,NA,NA,1.7
"817",22.7,2.3255033557047,"bare",NA,NA,0,NA,NA,0.77,NA,NA,0,NA,NA,1116.65,NA,NA,1.7
"818",100,2.3255033557047,"bare",NA,NA,0,NA,NA,0.77,NA,NA,0,NA,NA,1116.65,NA,NA,1.7
"819",500,2.3255033557047,"bare",NA,NA,0,NA,NA,0.77,NA,NA,0,NA,NA,1116.65,NA,NA,1.7
"820",1000,2.3255033557047,"bare",NA,NA,0,NA,NA,0.77,NA,NA,0,NA,NA,1116.65,NA,NA,1.7
"821",6000,2.3255033557047,"bare",NA,NA,0,NA,NA,0.77,NA,NA,0,NA,NA,1116.65,NA,NA,1.7
"822",10000,2.3255033557047,"bare",NA,NA,0,NA,NA,0.77,NA,NA,0,NA,NA,1116.65,NA,NA,1.7
"823",22.7,2.33892617449664,"bare",NA,NA,0,NA,NA,0.77,NA,NA,0,NA,NA,1123.1,NA,NA,1.71
"824",100,2.33892617449664,"bare",NA,NA,0,NA,NA,0.77,NA,NA,0,NA,NA,1123.1,NA,NA,1.71
"825",500,2.33892617449664,"bare",NA,NA,0,NA,NA,0.77,NA,NA,0,NA,NA,1123.1,NA,NA,1.71
"826",1000,2.33892617449664,"bare",NA,NA,0,NA,NA,0.77,NA,NA,0,NA,NA,1123.1,NA,NA,1.71
"827",6000,2.33892617449664,"bare",NA,NA,0,NA,NA,0.77,NA,NA,0,NA,NA,1123.1,NA,NA,1.71
"828",10000,2.33892617449664,"bare",NA,NA,0,NA,NA,0.77,NA,NA,0,NA,NA,1123.1,NA,NA,1.71
"829",22.7,2.35234899328859,"bare",NA,NA,0,NA,NA,0.77,NA,NA,0,NA,NA,1129.55,NA,NA,1.71
"830",100,2.35234899328859,"bare",NA,NA,0,NA,NA,0.77,NA,NA,0,NA,NA,1129.55,NA,NA,1.71
"831",500,2.35234899328859,"bare",NA,NA,0,NA,NA,0.77,NA,NA,0,NA,NA,1129.55,NA,NA,1.71
"832",1000,2.35234899328859,"bare",NA,NA,0,NA,NA,0.77,NA,NA,0,NA,NA,1129.55,NA,NA,1.71
"833",6000,2.35234899328859,"bare",NA,NA,0,NA,NA,0.77,NA,NA,0,NA,NA,1129.55,NA,NA,1.71
"834",10000,2.35234899328859,"bare",NA,NA,0,NA,NA,0.77,NA,NA,0,NA,NA,1129.55,NA,NA,1.71
"835",22.7,2.36577181208054,"bare",NA,NA,0,NA,NA,0.78,NA,NA,0,NA,NA,1136,NA,NA,1.72
"836",100,2.36577181208054,"bare",NA,NA,0,NA,NA,0.78,NA,NA,0,NA,NA,1136,NA,NA,1.72
"837",500,2.36577181208054,"bare",NA,NA,0,NA,NA,0.78,NA,NA,0,NA,NA,1136,NA,NA,1.72
"838",1000,2.36577181208054,"bare",NA,NA,0,NA,NA,0.78,NA,NA,0,NA,NA,1136,NA,NA,1.72
"839",6000,2.36577181208054,"bare",NA,NA,0,NA,NA,0.78,NA,NA,0,NA,NA,1136,NA,NA,1.72
"840",10000,2.36577181208054,"bare",NA,NA,0,NA,NA,0.78,NA,NA,0,NA,NA,1136,NA,NA,1.72
"841",22.7,2.37919463087248,"bare",NA,NA,0,NA,NA,0.78,NA,NA,0,NA,NA,1142.44,NA,NA,1.72
"842",100,2.37919463087248,"bare",NA,NA,0,NA,NA,0.78,NA,NA,0,NA,NA,1142.44,NA,NA,1.72
"843",500,2.37919463087248,"bare",NA,NA,0,NA,NA,0.78,NA,NA,0,NA,NA,1142.44,NA,NA,1.72
"844",1000,2.37919463087248,"bare",NA,NA,0,NA,NA,0.78,NA,NA,0,NA,NA,1142.44,NA,NA,1.72
"845",6000,2.37919463087248,"bare",NA,NA,0,NA,NA,0.78,NA,NA,0,NA,NA,1142.44,NA,NA,1.72
"846",10000,2.37919463087248,"bare",NA,NA,0,NA,NA,0.78,NA,NA,0,NA,NA,1142.44,NA,NA,1.72
"847",22.7,2.39261744966443,"bare",NA,NA,0,NA,NA,0.79,NA,NA,0,NA,NA,1148.89,NA,NA,1.72
"848",100,2.39261744966443,"bare",NA,NA,0,NA,NA,0.79,NA,NA,0,NA,NA,1148.89,NA,NA,1.72
"849",500,2.39261744966443,"bare",NA,NA,0,NA,NA,0.79,NA,NA,0,NA,NA,1148.89,NA,NA,1.72
"850",1000,2.39261744966443,"bare",NA,NA,0,NA,NA,0.79,NA,NA,0,NA,NA,1148.89,NA,NA,1.72
"851",6000,2.39261744966443,"bare",NA,NA,0,NA,NA,0.79,NA,NA,0,NA,NA,1148.89,NA,NA,1.72
"852",10000,2.39261744966443,"bare",NA,NA,0,NA,NA,0.79,NA,NA,0,NA,NA,1148.89,NA,NA,1.72
"853",22.7,2.40604026845638,"bare",NA,NA,0,NA,NA,0.79,NA,NA,0,NA,NA,1155.34,NA,NA,1.73
"854",100,2.40604026845638,"bare",NA,NA,0,NA,NA,0.79,NA,NA,0,NA,NA,1155.34,NA,NA,1.73
"855",500,2.40604026845638,"bare",NA,NA,0,NA,NA,0.79,NA,NA,0,NA,NA,1155.34,NA,NA,1.73
"856",1000,2.40604026845638,"bare",NA,NA,0,NA,NA,0.79,NA,NA,0,NA,NA,1155.34,NA,NA,1.73
"857",6000,2.40604026845638,"bare",NA,NA,0,NA,NA,0.79,NA,NA,0,NA,NA,1155.34,NA,NA,1.73
"858",10000,2.40604026845638,"bare",NA,NA,0,NA,NA,0.79,NA,NA,0,NA,NA,1155.34,NA,NA,1.73
"859",22.7,2.41946308724832,"bare",NA,NA,0,NA,NA,0.8,NA,NA,0,NA,NA,1161.79,NA,NA,1.73
"860",100,2.41946308724832,"bare",NA,NA,0,NA,NA,0.8,NA,NA,0,NA,NA,1161.79,NA,NA,1.73
"861",500,2.41946308724832,"bare",NA,NA,0,NA,NA,0.8,NA,NA,0,NA,NA,1161.79,NA,NA,1.73
"862",1000,2.41946308724832,"bare",NA,NA,0,NA,NA,0.8,NA,NA,0,NA,NA,1161.79,NA,NA,1.73
"863",6000,2.41946308724832,"bare",NA,NA,0,NA,NA,0.8,NA,NA,0,NA,NA,1161.79,NA,NA,1.73
"864",10000,2.41946308724832,"bare",NA,NA,0,NA,NA,0.8,NA,NA,0,NA,NA,1161.79,NA,NA,1.73
"865",22.7,2.43288590604027,"bare",NA,NA,0,NA,NA,0.8,NA,NA,0,NA,NA,1168.24,NA,NA,1.74
"866",100,2.43288590604027,"bare",NA,NA,0,NA,NA,0.8,NA,NA,0,NA,NA,1168.24,NA,NA,1.74
"867",500,2.43288590604027,"bare",NA,NA,0,NA,NA,0.8,NA,NA,0,NA,NA,1168.24,NA,NA,1.74
"868",1000,2.43288590604027,"bare",NA,NA,0,NA,NA,0.8,NA,NA,0,NA,NA,1168.24,NA,NA,1.74
"869",6000,2.43288590604027,"bare",NA,NA,0,NA,NA,0.8,NA,NA,0,NA,NA,1168.24,NA,NA,1.74
"870",10000,2.43288590604027,"bare",NA,NA,0,NA,NA,0.8,NA,NA,0,NA,NA,1168.24,NA,NA,1.74
"871",22.7,2.44630872483221,"bare",NA,NA,0,NA,NA,0.81,NA,NA,0,NA,NA,1174.69,NA,NA,1.74
"872",100,2.44630872483221,"bare",NA,NA,0,NA,NA,0.81,NA,NA,0,NA,NA,1174.69,NA,NA,1.74
"873",500,2.44630872483221,"bare",NA,NA,0,NA,NA,0.81,NA,NA,0,NA,NA,1174.69,NA,NA,1.74
"874",1000,2.44630872483221,"bare",NA,NA,0,NA,NA,0.81,NA,NA,0,NA,NA,1174.69,NA,NA,1.74
"875",6000,2.44630872483221,"bare",NA,NA,0,NA,NA,0.81,NA,NA,0,NA,NA,1174.69,NA,NA,1.74
"876",10000,2.44630872483221,"bare",NA,NA,0,NA,NA,0.81,NA,NA,0,NA,NA,1174.69,NA,NA,1.74
"877",22.7,2.45973154362416,"bare",NA,NA,0,NA,NA,0.81,NA,NA,0,NA,NA,1181.14,NA,NA,1.74
"878",100,2.45973154362416,"bare",NA,NA,0,NA,NA,0.81,NA,NA,0,NA,NA,1181.14,NA,NA,1.74
"879",500,2.45973154362416,"bare",NA,NA,0,NA,NA,0.81,NA,NA,0,NA,NA,1181.14,NA,NA,1.74
"880",1000,2.45973154362416,"bare",NA,NA,0,NA,NA,0.81,NA,NA,0,NA,NA,1181.14,NA,NA,1.74
"881",6000,2.45973154362416,"bare",NA,NA,0,NA,NA,0.81,NA,NA,0,NA,NA,1181.14,NA,NA,1.74
"882",10000,2.45973154362416,"bare",NA,NA,0,NA,NA,0.81,NA,NA,0,NA,NA,1181.14,NA,NA,1.74
"883",22.7,2.47315436241611,"bare",NA,NA,0,NA,NA,0.81,NA,NA,0,NA,NA,1187.59,NA,NA,1.75
"884",100,2.47315436241611,"bare",NA,NA,0,NA,NA,0.81,NA,NA,0,NA,NA,1187.59,NA,NA,1.75
"885",500,2.47315436241611,"bare",NA,NA,0,NA,NA,0.81,NA,NA,0,NA,NA,1187.59,NA,NA,1.75
"886",1000,2.47315436241611,"bare",NA,NA,0,NA,NA,0.81,NA,NA,0,NA,NA,1187.59,NA,NA,1.75
"887",6000,2.47315436241611,"bare",NA,NA,0,NA,NA,0.81,NA,NA,0,NA,NA,1187.59,NA,NA,1.75
"888",10000,2.47315436241611,"bare",NA,NA,0,NA,NA,0.81,NA,NA,0,NA,NA,1187.59,NA,NA,1.75
"889",22.7,2.48657718120805,"bare",NA,NA,0,NA,NA,0.82,NA,NA,0,NA,NA,1194.04,NA,NA,1.75
"890",100,2.48657718120805,"bare",NA,NA,0,NA,NA,0.82,NA,NA,0,NA,NA,1194.04,NA,NA,1.75
"891",500,2.48657718120805,"bare",NA,NA,0,NA,NA,0.82,NA,NA,0,NA,NA,1194.04,NA,NA,1.75
"892",1000,2.48657718120805,"bare",NA,NA,0,NA,NA,0.82,NA,NA,0,NA,NA,1194.04,NA,NA,1.75
"893",6000,2.48657718120805,"bare",NA,NA,0,NA,NA,0.82,NA,NA,0,NA,NA,1194.04,NA,NA,1.75
"894",10000,2.48657718120805,"bare",NA,NA,0,NA,NA,0.82,NA,NA,0,NA,NA,1194.04,NA,NA,1.75
"895",22.7,2.5,"bare",NA,NA,0,NA,NA,0.82,NA,NA,0,NA,NA,1200.49,NA,NA,1.76
"896",100,2.5,"bare",NA,NA,0,NA,NA,0.82,NA,NA,0,NA,NA,1200.49,NA,NA,1.76
"897",500,2.5,"bare",NA,NA,0,NA,NA,0.82,NA,NA,0,NA,NA,1200.49,NA,NA,1.76
"898",1000,2.5,"bare",NA,NA,0,NA,NA,0.82,NA,NA,0,NA,NA,1200.49,NA,NA,1.76
"899",6000,2.5,"bare",NA,NA,0,NA,NA,0.82,NA,NA,0,NA,NA,1200.49,NA,NA,1.76
"900",10000,2.5,"bare",NA,NA,0,NA,NA,0.82,NA,NA,0,NA,NA,1200.49,NA,NA,1.76
